"","Gene.Symbol","Description","Category","Uniprot.ID","Gifts","GC.Id","Relevance.score","GeneCards.Link"
"1","SLC12A3","Solute Carrier Family 12 Member 3","Protein Coding","P55017",60,"GC16P056865",52.8366050720215,"https://www.genecards.org/cgi-bin/carddisp.pl?gene=SLC12A3"
"2","SLC22A5","Solute Carrier Family 22 Member 5","Protein Coding","O76082",59,"GC05P132369",48.8007431030273,"https://www.genecards.org/cgi-bin/carddisp.pl?gene=SLC22A5"
"3","SLC2A1","Solute Carrier Family 2 Member 1","Protein Coding","P11166",66,"GC01M042925",46.5190010070801,"https://www.genecards.org/cgi-bin/carddisp.pl?gene=SLC2A1"
"4","SLC22A4","Solute Carrier Family 22 Member 4","Protein Coding","Q9H015",58,"GC05P132294",45.1560668945313,"https://www.genecards.org/cgi-bin/carddisp.pl?gene=SLC22A4"
"5","SLC12A2","Solute Carrier Family 12 Member 2","Protein Coding","P55011",62,"GC05P128083",43.6944236755371,"https://www.genecards.org/cgi-bin/carddisp.pl?gene=SLC12A2"
"6","SLC11A1","Solute Carrier Family 11 Member 1","Protein Coding","P49279",59,"GC02P218382",43.1723518371582,"https://www.genecards.org/cgi-bin/carddisp.pl?gene=SLC11A1"
"7","SLC12A1","Solute Carrier Family 12 Member 1","Protein Coding","Q13621",61,"GC15P166303",41.7415542602539,"https://www.genecards.org/cgi-bin/carddisp.pl?gene=SLC12A1"
"8","SLC2A2","Solute Carrier Family 2 Member 2","Protein Coding","P11168",63,"GC03M170996",39.6852989196777,"https://www.genecards.org/cgi-bin/carddisp.pl?gene=SLC2A2"
"9","SLC11A2","Solute Carrier Family 11 Member 2","Protein Coding","P49281",61,"GC12M050952",39.534423828125,"https://www.genecards.org/cgi-bin/carddisp.pl?gene=SLC11A2"
"10","SLC29A1","Solute Carrier Family 29 Member 1 (Augustine Blood Group)","Protein Coding","Q99808",60,"GC06P044219",39.4778213500977,"https://www.genecards.org/cgi-bin/carddisp.pl?gene=SLC29A1"
"11","SLC15A1","Solute Carrier Family 15 Member 1","Protein Coding","P46059",54,"GC13M098683",38.9716415405273,"https://www.genecards.org/cgi-bin/carddisp.pl?gene=SLC15A1"
"12","SLC19A2","Solute Carrier Family 19 Member 2","Protein Coding","O60779",58,"GC01M169463",38.8262710571289,"https://www.genecards.org/cgi-bin/carddisp.pl?gene=SLC19A2"
"13","SLC2A4","Solute Carrier Family 2 Member 4","Protein Coding","P14672",60,"GC17P121899",38.5352401733398,"https://www.genecards.org/cgi-bin/carddisp.pl?gene=SLC2A4"
"14","SLC6A2","Solute Carrier Family 6 Member 2","Protein Coding","P23975",59,"GC16P097304",38.0204925537109,"https://www.genecards.org/cgi-bin/carddisp.pl?gene=SLC6A2"
"15","SLC6A4","Solute Carrier Family 6 Member 4","Protein Coding","P31645",61,"GC17M030194",37.672290802002,"https://www.genecards.org/cgi-bin/carddisp.pl?gene=SLC6A4"
"16","SLC6A3","Solute Carrier Family 6 Member 3","Protein Coding","Q01959",64,"GC05M001392",37.481517791748,"https://www.genecards.org/cgi-bin/carddisp.pl?gene=SLC6A3"
"17","SLC1A3","Solute Carrier Family 1 Member 3","Protein Coding","P43003",62,"GC05P036702",36.8750381469727,"https://www.genecards.org/cgi-bin/carddisp.pl?gene=SLC1A3"
"18","SLC18A3","Solute Carrier Family 18 Member A3","Protein Coding","Q16572",54,"GC10P049610",36.4548835754395,"https://www.genecards.org/cgi-bin/carddisp.pl?gene=SLC18A3"
"19","SLC19A1","Solute Carrier Family 19 Member 1","Protein Coding","P41440",59,"GC21M045493",36.3074798583984,"https://www.genecards.org/cgi-bin/carddisp.pl?gene=SLC19A1"
"20","SLC1A2","Solute Carrier Family 1 Member 2","Protein Coding","P43004",63,"GC11M035267",36.2811431884766,"https://www.genecards.org/cgi-bin/carddisp.pl?gene=SLC1A2"
"21","SLC26A2","Solute Carrier Family 26 Member 2","Protein Coding","P50443",56,"GC05P153766",36.1683769226074,"https://www.genecards.org/cgi-bin/carddisp.pl?gene=SLC26A2"
"22","SLC25A42","Solute Carrier Family 25 Member 42","Protein Coding","Q86VD7",50,"GC19P019063",36.117000579834,"https://www.genecards.org/cgi-bin/carddisp.pl?gene=SLC25A42"
"23","SLC12A6","Solute Carrier Family 12 Member 6","Protein Coding","Q9UHW9",59,"GC15M034229",36.0993614196777,"https://www.genecards.org/cgi-bin/carddisp.pl?gene=SLC12A6"
"24","SLC12A5","Solute Carrier Family 12 Member 5","Protein Coding","Q9H2X9",61,"GC20P046021",36.0082969665527,"https://www.genecards.org/cgi-bin/carddisp.pl?gene=SLC12A5"
"25","SLC16A3","Solute Carrier Family 16 Member 3","Protein Coding","O15427",58,"GC17P082217",35.9347991943359,"https://www.genecards.org/cgi-bin/carddisp.pl?gene=SLC16A3"
"26","SLC4A1","Solute Carrier Family 4 Member 1 (Diego Blood Group)","Protein Coding","P02730",62,"GC17M085321",35.9054794311523,"https://www.genecards.org/cgi-bin/carddisp.pl?gene=SLC4A1"
"27","SLC6A1","Solute Carrier Family 6 Member 1","Protein Coding","P30531",59,"GC03P022813",35.82568359375,"https://www.genecards.org/cgi-bin/carddisp.pl?gene=SLC6A1"
"28","SLC22A3","Solute Carrier Family 22 Member 3","Protein Coding","O75751",56,"GC06P160348",35.6724548339844,"https://www.genecards.org/cgi-bin/carddisp.pl?gene=SLC22A3"
"29","SLC10A2","Solute Carrier Family 10 Member 2","Protein Coding","Q12908",55,"GC13M103043",35.5879287719727,"https://www.genecards.org/cgi-bin/carddisp.pl?gene=SLC10A2"
"30","SLC6A12","Solute Carrier Family 6 Member 12","Protein Coding","P48065",51,"GC12M000183",35.5662498474121,"https://www.genecards.org/cgi-bin/carddisp.pl?gene=SLC6A12"
"31","SLC12A7","Solute Carrier Family 12 Member 7","Protein Coding","Q9Y666",52,"GC05M001050",35.5547180175781,"https://www.genecards.org/cgi-bin/carddisp.pl?gene=SLC12A7"
"32","SLC29A2","Solute Carrier Family 29 Member 2","Protein Coding","Q14542",55,"GC11M129064",35.4365882873535,"https://www.genecards.org/cgi-bin/carddisp.pl?gene=SLC29A2"
"33","SLC29A3","Solute Carrier Family 29 Member 3","Protein Coding","Q9BZD2",55,"GC10P072815",35.3925247192383,"https://www.genecards.org/cgi-bin/carddisp.pl?gene=SLC29A3"
"34","SLC9A1","Solute Carrier Family 9 Member A1","Protein Coding","P19634",63,"GC01M031724",35.325252532959,"https://www.genecards.org/cgi-bin/carddisp.pl?gene=SLC9A1"
"35","SLC3A2","Solute Carrier Family 3 Member 2","Protein Coding","P08195",55,"GC11P062856",35.3034439086914,"https://www.genecards.org/cgi-bin/carddisp.pl?gene=SLC3A2"
"36","SLC22A2","Solute Carrier Family 22 Member 2","Protein Coding","O15244",56,"GC06M160222",35.2997436523438,"https://www.genecards.org/cgi-bin/carddisp.pl?gene=SLC22A2"
"37","SLC2A5","Solute Carrier Family 2 Member 5","Protein Coding","P22732",55,"GC01M015276",35.2969360351563,"https://www.genecards.org/cgi-bin/carddisp.pl?gene=SLC2A5"
"38","SLC23A1","Solute Carrier Family 23 Member 1","Protein Coding","Q9UHI7",50,"GC05M139367",34.8120956420898,"https://www.genecards.org/cgi-bin/carddisp.pl?gene=SLC23A1"
"39","SLC26A3","Solute Carrier Family 26 Member 3","Protein Coding","P40879",58,"GC07M107765",34.7082290649414,"https://www.genecards.org/cgi-bin/carddisp.pl?gene=SLC26A3"
"40","SLC25A29","Solute Carrier Family 25 Member 29","Protein Coding","Q8N8R3",51,"GC14M120960",34.6600036621094,"https://www.genecards.org/cgi-bin/carddisp.pl?gene=SLC25A29"
"41","SLC4A4","Solute Carrier Family 4 Member 4","Protein Coding","Q9Y6R1",59,"GC04P071063",34.6564483642578,"https://www.genecards.org/cgi-bin/carddisp.pl?gene=SLC4A4"
"42","SLC35B1","Solute Carrier Family 35 Member B1","Protein Coding","P78383",47,"GC17M049700",34.605899810791,"https://www.genecards.org/cgi-bin/carddisp.pl?gene=SLC35B1"
"43","SLC1A1","Solute Carrier Family 1 Member 1","Protein Coding","P43005",62,"GC09P004490",34.5868377685547,"https://www.genecards.org/cgi-bin/carddisp.pl?gene=SLC1A1"
"44","SLC23A2","Solute Carrier Family 23 Member 2","Protein Coding","Q9UGH3",51,"GC20M004852",34.5868301391602,"https://www.genecards.org/cgi-bin/carddisp.pl?gene=SLC23A2"
"45","SLC22A18","Solute Carrier Family 22 Member 18","Protein Coding","Q96BI1",54,"GC11P002899",34.5536575317383,"https://www.genecards.org/cgi-bin/carddisp.pl?gene=SLC22A18"
"46","SLC29A4","Solute Carrier Family 29 Member 4","Protein Coding","Q7RTT9",55,"GC07P005274",34.3517646789551,"https://www.genecards.org/cgi-bin/carddisp.pl?gene=SLC29A4"
"47","SLC34A2","Solute Carrier Family 34 Member 2","Protein Coding","O95436",58,"GC04P025648",34.3322334289551,"https://www.genecards.org/cgi-bin/carddisp.pl?gene=SLC34A2"
"48","SLC25A33","Solute Carrier Family 25 Member 33","Protein Coding","Q9BSK2",45,"GC01P009539",34.2999610900879,"https://www.genecards.org/cgi-bin/carddisp.pl?gene=SLC25A33"
"49","SLC10A1","Solute Carrier Family 10 Member 1","Protein Coding","Q14973",55,"GC14M069775",34.2294425964355,"https://www.genecards.org/cgi-bin/carddisp.pl?gene=SLC10A1"
"50","SLC9A6","Solute Carrier Family 9 Member A6","Protein Coding","Q92581",58,"GC0XP135985",34.2248840332031,"https://www.genecards.org/cgi-bin/carddisp.pl?gene=SLC9A6"
"51","SLC25A36","Solute Carrier Family 25 Member 36","Protein Coding","Q96CQ1",47,"GC03P140941",34.2224464416504,"https://www.genecards.org/cgi-bin/carddisp.pl?gene=SLC25A36"
"52","SLC18A1","Solute Carrier Family 18 Member A1","Protein Coding","P54219",53,"GC08M020144",34.2049369812012,"https://www.genecards.org/cgi-bin/carddisp.pl?gene=SLC18A1"
"53","SLC4A10","Solute Carrier Family 4 Member 10","Protein Coding","Q6U841",54,"GC02P161426",34.2010116577148,"https://www.genecards.org/cgi-bin/carddisp.pl?gene=SLC4A10"
"54","SLC9A3","Solute Carrier Family 9 Member A3","Protein Coding","P48764",60,"GC05M000472",34.1697235107422,"https://www.genecards.org/cgi-bin/carddisp.pl?gene=SLC9A3"
"55","SLC16A1","Solute Carrier Family 16 Member 1","Protein Coding","P53985",60,"GC01M113114",33.9604187011719,"https://www.genecards.org/cgi-bin/carddisp.pl?gene=SLC16A1"
"56","SLC7A5","Solute Carrier Family 7 Member 5","Protein Coding","Q01650",58,"GC16M087830",33.9429931640625,"https://www.genecards.org/cgi-bin/carddisp.pl?gene=SLC7A5"
"57","SLC9A7","Solute Carrier Family 9 Member A7","Protein Coding","Q96T83",51,"GC0XM046599",33.920223236084,"https://www.genecards.org/cgi-bin/carddisp.pl?gene=SLC9A7"
"58","SLC3A1","Solute Carrier Family 3 Member 1","Protein Coding","Q07837",60,"GC02P044275",33.7394790649414,"https://www.genecards.org/cgi-bin/carddisp.pl?gene=SLC3A1"
"59","SLC31A1","Solute Carrier Family 31 Member 1","Protein Coding","O15431",56,"GC09P113221",33.6300201416016,"https://www.genecards.org/cgi-bin/carddisp.pl?gene=SLC31A1"
"60","SLC22A1","Solute Carrier Family 22 Member 1","Protein Coding","O15245",55,"GC06P160121",33.5145988464355,"https://www.genecards.org/cgi-bin/carddisp.pl?gene=SLC22A1"
"61","SLC2A9","Solute Carrier Family 2 Member 9","Protein Coding","Q9NRM0",58,"GC04M009772",33.4884185791016,"https://www.genecards.org/cgi-bin/carddisp.pl?gene=SLC2A9"
"62","SLC5A6","Solute Carrier Family 5 Member 6","Protein Coding","Q9Y289",56,"GC02M027201",33.485782623291,"https://www.genecards.org/cgi-bin/carddisp.pl?gene=SLC5A6"
"63","SLC7A9","Solute Carrier Family 7 Member 9","Protein Coding","P82251",56,"GC19M032830",33.4798927307129,"https://www.genecards.org/cgi-bin/carddisp.pl?gene=SLC7A9"
"64","SLC2A3","Solute Carrier Family 2 Member 3","Protein Coding","P11169",61,"GC12M007919",33.4444732666016,"https://www.genecards.org/cgi-bin/carddisp.pl?gene=SLC2A3"
"65","SLC8A1","Solute Carrier Family 8 Member A1","Protein Coding","P32418",57,"GC02M040078",33.441234588623,"https://www.genecards.org/cgi-bin/carddisp.pl?gene=SLC8A1"
"66","SLC6A14","Solute Carrier Family 6 Member 14","Protein Coding","Q9UN76",52,"GC0XP116436",33.4226570129395,"https://www.genecards.org/cgi-bin/carddisp.pl?gene=SLC6A14"
"67","SLC16A2","Solute Carrier Family 16 Member 2","Protein Coding","P36021",56,"GC0XP074910",33.4027824401855,"https://www.genecards.org/cgi-bin/carddisp.pl?gene=SLC16A2"
"68","SLC34A1","Solute Carrier Family 34 Member 1","Protein Coding","Q06495",56,"GC05P187593",33.349063873291,"https://www.genecards.org/cgi-bin/carddisp.pl?gene=SLC34A1"
"69","SLC5A2","Solute Carrier Family 5 Member 2","Protein Coding","P31639",60,"GC16P096791",33.2251510620117,"https://www.genecards.org/cgi-bin/carddisp.pl?gene=SLC5A2"
"70","SLC45A4","Solute Carrier Family 45 Member 4","Protein Coding","Q5BKX6",39,"GC08M141207",33.1465225219727,"https://www.genecards.org/cgi-bin/carddisp.pl?gene=SLC45A4"
"71","SLC1A6","Solute Carrier Family 1 Member 6","Protein Coding","P48664",55,"GC19M014950",33.1085243225098,"https://www.genecards.org/cgi-bin/carddisp.pl?gene=SLC1A6"
"72","SLC7A4","Solute Carrier Family 7 Member 4","Protein Coding","O43246",46,"GC22M021028",33.1022987365723,"https://www.genecards.org/cgi-bin/carddisp.pl?gene=SLC7A4"
"73","SLC1A5","Solute Carrier Family 1 Member 5","Protein Coding","Q15758",57,"GC19M097092",33.0638427734375,"https://www.genecards.org/cgi-bin/carddisp.pl?gene=SLC1A5"
"74","SLC6A18","Solute Carrier Family 6 Member 18","Protein Coding","Q96N87",47,"GC05P001225",33.0590629577637,"https://www.genecards.org/cgi-bin/carddisp.pl?gene=SLC6A18"
"75","SLC25A16","Solute Carrier Family 25 Member 16","Protein Coding","P16260",47,"GC10M068477",33.0586318969727,"https://www.genecards.org/cgi-bin/carddisp.pl?gene=SLC25A16"
"76","SLC13A5","Solute Carrier Family 13 Member 5","Protein Coding","Q86YT5",55,"GC17M006684",33.0345878601074,"https://www.genecards.org/cgi-bin/carddisp.pl?gene=SLC13A5"
"77","SLC25A13","Solute Carrier Family 25 Member 13","Protein Coding","Q9UJS0",58,"GC07M096120",32.8890953063965,"https://www.genecards.org/cgi-bin/carddisp.pl?gene=SLC25A13"
"78","SLC7A8","Solute Carrier Family 7 Member 8","Protein Coding","Q9UHI5",51,"GC14M023125",32.7818717956543,"https://www.genecards.org/cgi-bin/carddisp.pl?gene=SLC7A8"
"79","SLC4A2","Solute Carrier Family 4 Member 2","Protein Coding","P04920",54,"GC07P151057",32.669246673584,"https://www.genecards.org/cgi-bin/carddisp.pl?gene=SLC4A2"
"80","SLC2A10","Solute Carrier Family 2 Member 10","Protein Coding","O95528",55,"GC20P046709",32.6202545166016,"https://www.genecards.org/cgi-bin/carddisp.pl?gene=SLC2A10"
"81","SLC7A7","Solute Carrier Family 7 Member 7","Protein Coding","Q9UM01",58,"GC14M022773",32.5606842041016,"https://www.genecards.org/cgi-bin/carddisp.pl?gene=SLC7A7"
"82","SLC16A7","Solute Carrier Family 16 Member 7","Protein Coding","O60669",53,"GC12P059596",32.554027557373,"https://www.genecards.org/cgi-bin/carddisp.pl?gene=SLC16A7"
"83","SLC12A4","Solute Carrier Family 12 Member 4","Protein Coding","Q9UP95",56,"GC16M073402",32.5380096435547,"https://www.genecards.org/cgi-bin/carddisp.pl?gene=SLC12A4"
"84","SLC41A2","Solute Carrier Family 41 Member 2","Protein Coding","Q96JW4",44,"GC12M104802",32.4733619689941,"https://www.genecards.org/cgi-bin/carddisp.pl?gene=SLC41A2"
"85","SLC22A13","Solute Carrier Family 22 Member 13","Protein Coding","Q9Y226",48,"GC03P038265",32.397045135498,"https://www.genecards.org/cgi-bin/carddisp.pl?gene=SLC22A13"
"86","SLC13A2","Solute Carrier Family 13 Member 2","Protein Coding","Q13183",50,"GC17P028473",32.3431091308594,"https://www.genecards.org/cgi-bin/carddisp.pl?gene=SLC13A2"
"87","SLC22A17","Solute Carrier Family 22 Member 17","Protein Coding","Q8WUG5",44,"GC14M023346",32.3413848876953,"https://www.genecards.org/cgi-bin/carddisp.pl?gene=SLC22A17"
"88","SLC7A11","Solute Carrier Family 7 Member 11","Protein Coding","Q9UPY5",56,"GC04M138164",32.3381996154785,"https://www.genecards.org/cgi-bin/carddisp.pl?gene=SLC7A11"
"89","SLC25A43","Solute Carrier Family 25 Member 43","Protein Coding","Q8WUT9",45,"GC0XP119399",32.2238235473633,"https://www.genecards.org/cgi-bin/carddisp.pl?gene=SLC25A43"
"90","SLC22A14","Solute Carrier Family 22 Member 14","Protein Coding","Q9Y267",46,"GC03P038330",32.2173080444336,"https://www.genecards.org/cgi-bin/carddisp.pl?gene=SLC22A14"
"91","SLC35F2","Solute Carrier Family 35 Member F2","Protein Coding","Q8IXU6",43,"GC11M107790",32.2054290771484,"https://www.genecards.org/cgi-bin/carddisp.pl?gene=SLC35F2"
"92","SLC14A1","Solute Carrier Family 14 Member 1 (Kidd Blood Group)","Protein Coding","Q13336",55,"GC18P045687",32.1017761230469,"https://www.genecards.org/cgi-bin/carddisp.pl?gene=SLC14A1"
"93","SLC5A1","Solute Carrier Family 5 Member 1","Protein Coding","P13866",60,"GC22P032043",32.0774002075195,"https://www.genecards.org/cgi-bin/carddisp.pl?gene=SLC5A1"
"94","SLC12A8","Solute Carrier Family 12 Member 8","Protein Coding","A0AV02",47,"GC03M125082",32.057731628418,"https://www.genecards.org/cgi-bin/carddisp.pl?gene=SLC12A8"
"95","SLC8A3","Solute Carrier Family 8 Member A3","Protein Coding","P57103",54,"GC14M070044",31.9314861297607,"https://www.genecards.org/cgi-bin/carddisp.pl?gene=SLC8A3"
"96","SLC30A8","Solute Carrier Family 30 Member 8","Protein Coding","Q8IWU4",54,"GC08P116950",31.9084720611572,"https://www.genecards.org/cgi-bin/carddisp.pl?gene=SLC30A8"
"97","SLC6A6","Solute Carrier Family 6 Member 6","Protein Coding","P31641",56,"GC03P014402",31.8856258392334,"https://www.genecards.org/cgi-bin/carddisp.pl?gene=SLC6A6"
"98","SLC35A3","Solute Carrier Family 35 Member A3","Protein Coding","Q9Y2D2",53,"GC01P100052",31.8856258392334,"https://www.genecards.org/cgi-bin/carddisp.pl?gene=SLC35A3"
"99","SLC7A6","Solute Carrier Family 7 Member 6","Protein Coding","Q92536",51,"GC16P097683",31.8856258392334,"https://www.genecards.org/cgi-bin/carddisp.pl?gene=SLC7A6"
"100","SLC22A16","Solute Carrier Family 22 Member 16","Protein Coding","Q86VW1",48,"GC06M110424",31.8715038299561,"https://www.genecards.org/cgi-bin/carddisp.pl?gene=SLC22A16"
"101","SLC17A5","Solute Carrier Family 17 Member 5","Protein Coding","Q9NRA2",58,"GC06M073593",31.8651561737061,"https://www.genecards.org/cgi-bin/carddisp.pl?gene=SLC17A5"
"102","SLC25A45","Solute Carrier Family 25 Member 45","Protein Coding","Q8N413",44,"GC11M065375",31.8088836669922,"https://www.genecards.org/cgi-bin/carddisp.pl?gene=SLC25A45"
"103","SLC25A44","Solute Carrier Family 25 Member 44","Protein Coding","Q96H78",42,"GC01P167361",31.8088836669922,"https://www.genecards.org/cgi-bin/carddisp.pl?gene=SLC25A44"
"104","SLC6A13","Solute Carrier Family 6 Member 13","Protein Coding","Q9NSD5",54,"GC12M000200",31.6813316345215,"https://www.genecards.org/cgi-bin/carddisp.pl?gene=SLC6A13"
"105","SLC5A5","Solute Carrier Family 5 Member 5","Protein Coding","Q92911",59,"GC19P122615",31.6428928375244,"https://www.genecards.org/cgi-bin/carddisp.pl?gene=SLC5A5"
"106","SLC25A19","Solute Carrier Family 25 Member 19","Protein Coding","Q9HC21",56,"GC17M086214",31.6082153320313,"https://www.genecards.org/cgi-bin/carddisp.pl?gene=SLC25A19"
"107","SLC18A2","Solute Carrier Family 18 Member A2","Protein Coding","Q05940",60,"GC10P117241",31.5742435455322,"https://www.genecards.org/cgi-bin/carddisp.pl?gene=SLC18A2"
"108","SLC6A5","Solute Carrier Family 6 Member 5","Protein Coding","Q9Y345",58,"GC11P020599",31.5697746276855,"https://www.genecards.org/cgi-bin/carddisp.pl?gene=SLC6A5"
"109","SLC4A11","Solute Carrier Family 4 Member 11","Protein Coding","Q8NBS3",51,"GC20M004159",31.5110473632813,"https://www.genecards.org/cgi-bin/carddisp.pl?gene=SLC4A11"
"110","SLC9A2","Solute Carrier Family 9 Member A2","Protein Coding","Q9UBY0",53,"GC02P102625",31.4899158477783,"https://www.genecards.org/cgi-bin/carddisp.pl?gene=SLC9A2"
"111","SLC6A8","Solute Carrier Family 6 Member 8","Protein Coding","P48029",59,"GC0XP153704",31.4609260559082,"https://www.genecards.org/cgi-bin/carddisp.pl?gene=SLC6A8"
"112","SLC7A14","Solute Carrier Family 7 Member 14","Protein Coding","Q8TBB6",51,"GC03M170459",31.4541530609131,"https://www.genecards.org/cgi-bin/carddisp.pl?gene=SLC7A14"
"113","SLC5A8","Solute Carrier Family 5 Member 8","Protein Coding","Q8N695",53,"GC12M101155",31.4182891845703,"https://www.genecards.org/cgi-bin/carddisp.pl?gene=SLC5A8"
"114","SLC6A15","Solute Carrier Family 6 Member 15","Protein Coding","Q9H2J7",50,"GC12M084859",31.4132080078125,"https://www.genecards.org/cgi-bin/carddisp.pl?gene=SLC6A15"
"115","SLC26A6","Solute Carrier Family 26 Member 6","Protein Coding","Q9BXS9",51,"GC03M048625",31.3926849365234,"https://www.genecards.org/cgi-bin/carddisp.pl?gene=SLC26A6"
"116","SLC5A3","Solute Carrier Family 5 Member 3","Protein Coding","P53794",45,"GC21P034146",31.3867301940918,"https://www.genecards.org/cgi-bin/carddisp.pl?gene=SLC5A3"
"117","SLC16A5","Solute Carrier Family 16 Member 5","Protein Coding","O15375",43,"GC17P123848",31.3462982177734,"https://www.genecards.org/cgi-bin/carddisp.pl?gene=SLC16A5"
"118","SLC35B3","Solute Carrier Family 35 Member B3","Protein Coding","Q9H1N7",45,"GC06M008413",31.2968311309814,"https://www.genecards.org/cgi-bin/carddisp.pl?gene=SLC35B3"
"119","SLC6A11","Solute Carrier Family 6 Member 11","Protein Coding","P48066",52,"GC03P022812",31.282377243042,"https://www.genecards.org/cgi-bin/carddisp.pl?gene=SLC6A11"
"120","SLC8A2","Solute Carrier Family 8 Member A2","Protein Coding","Q9UPR5",50,"GC19M047428",31.2439365386963,"https://www.genecards.org/cgi-bin/carddisp.pl?gene=SLC8A2"
"121","SLC9A9","Solute Carrier Family 9 Member A9","Protein Coding","Q8IVB4",50,"GC03M143265",31.2267951965332,"https://www.genecards.org/cgi-bin/carddisp.pl?gene=SLC9A9"
"122","SLC7A2","Solute Carrier Family 7 Member 2","Protein Coding","P52569",54,"GC08P017497",31.2015972137451,"https://www.genecards.org/cgi-bin/carddisp.pl?gene=SLC7A2"
"123","SLC25A34","Solute Carrier Family 25 Member 34","Protein Coding","Q6PIV7",37,"GC01P051537",31.1791801452637,"https://www.genecards.org/cgi-bin/carddisp.pl?gene=SLC25A34"
"124","SLC28A3","Solute Carrier Family 28 Member 3","Protein Coding","Q9HAS3",44,"GC09M111068",31.1637401580811,"https://www.genecards.org/cgi-bin/carddisp.pl?gene=SLC28A3"
"125","SLC13A4","Solute Carrier Family 13 Member 4","Protein Coding","Q9UKG4",50,"GC07M135681",31.1609992980957,"https://www.genecards.org/cgi-bin/carddisp.pl?gene=SLC13A4"
"126","SLC26A7","Solute Carrier Family 26 Member 7","Protein Coding","Q8TE54",50,"GC08P091209",31.156702041626,"https://www.genecards.org/cgi-bin/carddisp.pl?gene=SLC26A7"
"127","SLC7A3","Solute Carrier Family 7 Member 3","Protein Coding","Q8WY07",49,"GC0XM070926",31.1165161132813,"https://www.genecards.org/cgi-bin/carddisp.pl?gene=SLC7A3"
"128","SLC25A11","Solute Carrier Family 25 Member 11","Protein Coding","Q02978",54,"GC17M004937",31.0958194732666,"https://www.genecards.org/cgi-bin/carddisp.pl?gene=SLC25A11"
"129","SLC4A3","Solute Carrier Family 4 Member 3","Protein Coding","P48751",51,"GC02P219627",31.0958194732666,"https://www.genecards.org/cgi-bin/carddisp.pl?gene=SLC4A3"
"130","SLC31A2","Solute Carrier Family 31 Member 2","Protein Coding","O15432",40,"GC09P113150",31.0958194732666,"https://www.genecards.org/cgi-bin/carddisp.pl?gene=SLC31A2"
"131","SLC25A1","Solute Carrier Family 25 Member 1","Protein Coding","P53007",58,"GC22M020182",31.0705108642578,"https://www.genecards.org/cgi-bin/carddisp.pl?gene=SLC25A1"
"132","SLC41A1","Solute Carrier Family 41 Member 1","Protein Coding","Q8IVJ1",51,"GC01M205789",31.0574722290039,"https://www.genecards.org/cgi-bin/carddisp.pl?gene=SLC41A1"
"133","SLC40A1","Solute Carrier Family 40 Member 1","Protein Coding","Q9NP59",60,"GC02M189560",31.0264987945557,"https://www.genecards.org/cgi-bin/carddisp.pl?gene=SLC40A1"
"134","SLC2A8","Solute Carrier Family 2 Member 8","Protein Coding","Q9NY64",50,"GC09P143767",31.0074710845947,"https://www.genecards.org/cgi-bin/carddisp.pl?gene=SLC2A8"
"135","SLC13A1","Solute Carrier Family 13 Member 1","Protein Coding","Q9BZW2",45,"GC07M123113",31.0074710845947,"https://www.genecards.org/cgi-bin/carddisp.pl?gene=SLC13A1"
"136","SLC25A35","Solute Carrier Family 25 Member 35","Protein Coding","Q3KQZ1",44,"GC17M008287",31.0057525634766,"https://www.genecards.org/cgi-bin/carddisp.pl?gene=SLC25A35"
"137","SLC35E3","Solute Carrier Family 35 Member E3","Protein Coding","Q7Z769",41,"GC12P068746",30.9960060119629,"https://www.genecards.org/cgi-bin/carddisp.pl?gene=SLC35E3"
"138","SLC5A4","Solute Carrier Family 5 Member 4","Protein Coding","Q9NY91",51,"GC22M032218",30.9693260192871,"https://www.genecards.org/cgi-bin/carddisp.pl?gene=SLC5A4"
"139","SLC52A3","Solute Carrier Family 52 Member 3","Protein Coding","Q9NQ40",56,"GC20M000741",30.9027290344238,"https://www.genecards.org/cgi-bin/carddisp.pl?gene=SLC52A3"
"140","SLC20A2","Solute Carrier Family 20 Member 2","Protein Coding","Q08357",59,"GC08M042416",30.8857460021973,"https://www.genecards.org/cgi-bin/carddisp.pl?gene=SLC20A2"
"141","SLC7A1","Solute Carrier Family 7 Member 1","Protein Coding","P30825",54,"GC13M029509",30.8857460021973,"https://www.genecards.org/cgi-bin/carddisp.pl?gene=SLC7A1"
"142","SLC1A4","Solute Carrier Family 1 Member 4","Protein Coding","P43007",57,"GC02P064988",30.8698616027832,"https://www.genecards.org/cgi-bin/carddisp.pl?gene=SLC1A4"
"143","SLC22A31","Solute Carrier Family 22 Member 31","Protein Coding","A6NKX4",28,"GC16M089195",30.8229484558105,"https://www.genecards.org/cgi-bin/carddisp.pl?gene=SLC22A31"
"144","SLC15A2","Solute Carrier Family 15 Member 2","Protein Coding","Q16348",51,"GC03P121894",30.8108882904053,"https://www.genecards.org/cgi-bin/carddisp.pl?gene=SLC15A2"
"145","SLC25A38","Solute Carrier Family 25 Member 38","Protein Coding","Q96DW6",50,"GC03P041005",30.8081855773926,"https://www.genecards.org/cgi-bin/carddisp.pl?gene=SLC25A38"
"146","SLC25A20","Solute Carrier Family 25 Member 20","Protein Coding","O43772",58,"GC03M048949",30.7945213317871,"https://www.genecards.org/cgi-bin/carddisp.pl?gene=SLC25A20"
"147","SLC17A1","Solute Carrier Family 17 Member 1","Protein Coding","Q14916",50,"GC06M025723",30.7550258636475,"https://www.genecards.org/cgi-bin/carddisp.pl?gene=SLC17A1"
"148","SLC17A2","Solute Carrier Family 17 Member 2","Protein Coding","O00624",42,"GC06M025912",30.7550258636475,"https://www.genecards.org/cgi-bin/carddisp.pl?gene=SLC17A2"
"149","SLC25A46","Solute Carrier Family 25 Member 46","Protein Coding","Q96AG3",51,"GC05P110738",30.7392902374268,"https://www.genecards.org/cgi-bin/carddisp.pl?gene=SLC25A46"
"150","SLC28A1","Solute Carrier Family 28 Member 1","Protein Coding","O00337",55,"GC15P084884",30.7039756774902,"https://www.genecards.org/cgi-bin/carddisp.pl?gene=SLC28A1"
"151","SLC6A9","Solute Carrier Family 6 Member 9","Protein Coding","P48067",61,"GC01M043991",30.7007236480713,"https://www.genecards.org/cgi-bin/carddisp.pl?gene=SLC6A9"
"152","SLC15A4","Solute Carrier Family 15 Member 4","Protein Coding","Q8N697",48,"GC12M128793",30.6593914031982,"https://www.genecards.org/cgi-bin/carddisp.pl?gene=SLC15A4"
"153","SLC25A40","Solute Carrier Family 25 Member 40","Protein Coding","Q8TBP6",41,"GC07M087833",30.6546573638916,"https://www.genecards.org/cgi-bin/carddisp.pl?gene=SLC25A40"
"154","SLC9C1","Solute Carrier Family 9 Member C1","Protein Coding","Q4G0N8",41,"GC03M112140",30.6478023529053,"https://www.genecards.org/cgi-bin/carddisp.pl?gene=SLC9C1"
"155","SLC24A1","Solute Carrier Family 24 Member 1","Protein Coding","O60721",51,"GC15P065611",30.6432571411133,"https://www.genecards.org/cgi-bin/carddisp.pl?gene=SLC24A1"
"156","SLC1A7","Solute Carrier Family 1 Member 7","Protein Coding","O00341",52,"GC01M053087",30.6083335876465,"https://www.genecards.org/cgi-bin/carddisp.pl?gene=SLC1A7"
"157","SLC39A6","Solute Carrier Family 39 Member 6","Protein Coding","Q13433",54,"GC18M036108",30.5990734100342,"https://www.genecards.org/cgi-bin/carddisp.pl?gene=SLC39A6"
"158","SLC20A1","Solute Carrier Family 20 Member 1","Protein Coding","Q8WUM9",54,"GC02P146134",30.5698928833008,"https://www.genecards.org/cgi-bin/carddisp.pl?gene=SLC20A1"
"159","SLC4A7","Solute Carrier Family 4 Member 7","Protein Coding","Q9Y6M7",53,"GC03M027372",30.5698928833008,"https://www.genecards.org/cgi-bin/carddisp.pl?gene=SLC4A7"
"160","SLC25A37","Solute Carrier Family 25 Member 37","Protein Coding","Q9NYZ2",50,"GC08P023528",30.5245094299316,"https://www.genecards.org/cgi-bin/carddisp.pl?gene=SLC25A37"
"161","SLC10A3","Solute Carrier Family 10 Member 3","Protein Coding","P09131",39,"GC0XM154488",30.515531539917,"https://www.genecards.org/cgi-bin/carddisp.pl?gene=SLC10A3"
"162","SLC26A9","Solute Carrier Family 26 Member 9","Protein Coding","Q7LBE3",50,"GC01M205883",30.5015354156494,"https://www.genecards.org/cgi-bin/carddisp.pl?gene=SLC26A9"
"163","SLC45A3","Solute Carrier Family 45 Member 3","Protein Coding","Q96JT2",50,"GC01M205626",30.479959487915,"https://www.genecards.org/cgi-bin/carddisp.pl?gene=SLC45A3"
"164","SLC25A47","Solute Carrier Family 25 Member 47","Protein Coding","Q6Q0C1",48,"GC14P100323",30.4754905700684,"https://www.genecards.org/cgi-bin/carddisp.pl?gene=SLC25A47"
"165","SLC35F3","Solute Carrier Family 35 Member F3","Protein Coding","Q8IY50",41,"GC01P233904",30.4754905700684,"https://www.genecards.org/cgi-bin/carddisp.pl?gene=SLC35F3"
"166","SLC9A4","Solute Carrier Family 9 Member A4","Protein Coding","Q6AI14",40,"GC02P102456",30.3773097991943,"https://www.genecards.org/cgi-bin/carddisp.pl?gene=SLC9A4"
"167","SLC25A3","Solute Carrier Family 25 Member 3","Protein Coding","Q00325",57,"GC12P098593",30.3729877471924,"https://www.genecards.org/cgi-bin/carddisp.pl?gene=SLC25A3"
"168","SLC10A4","Solute Carrier Family 10 Member 4","Protein Coding","Q96EP9",42,"GC04P048767",30.3619384765625,"https://www.genecards.org/cgi-bin/carddisp.pl?gene=SLC10A4"
"169","SLC10A6","Solute Carrier Family 10 Member 6","Protein Coding","Q3KNW5",39,"GC04M086823",30.345832824707,"https://www.genecards.org/cgi-bin/carddisp.pl?gene=SLC10A6"
"170","SLC25A32","Solute Carrier Family 25 Member 32","Protein Coding","Q9H2D1",53,"GC08M103398",30.3435382843018,"https://www.genecards.org/cgi-bin/carddisp.pl?gene=SLC25A32"
"171","SLC35F1","Solute Carrier Family 35 Member F1","Protein Coding","Q5T1Q4",43,"GC06P117907",30.3219623565674,"https://www.genecards.org/cgi-bin/carddisp.pl?gene=SLC35F1"
"172","SLC35F4","Solute Carrier Family 35 Member F4","Protein Coding","A4IF30",34,"GC14M057563",30.3219623565674,"https://www.genecards.org/cgi-bin/carddisp.pl?gene=SLC35F4"
"173","SLC35E2B","Solute Carrier Family 35 Member E2B","Protein Coding","P0CK96",40,"GC01M001659",30.3173885345459,"https://www.genecards.org/cgi-bin/carddisp.pl?gene=SLC35E2B"
"174","SLC2A6","Solute Carrier Family 2 Member 6","Protein Coding","Q9UGQ3",50,"GC09M133471",30.3165130615234,"https://www.genecards.org/cgi-bin/carddisp.pl?gene=SLC2A6"
"175","SLC25A14","Solute Carrier Family 25 Member 14","Protein Coding","O95258",46,"GC0XP130339",30.312952041626,"https://www.genecards.org/cgi-bin/carddisp.pl?gene=SLC25A14"
"176","SLC9A8","Solute Carrier Family 9 Member A8","Protein Coding","Q9Y2E8",45,"GC20P050859",30.2282905578613,"https://www.genecards.org/cgi-bin/carddisp.pl?gene=SLC9A8"
"177","SLC22A15","Solute Carrier Family 22 Member 15","Protein Coding","Q8IZD6",41,"GC01P115976",30.1812133789063,"https://www.genecards.org/cgi-bin/carddisp.pl?gene=SLC22A15"
"178","SLC35E1","Solute Carrier Family 35 Member E1","Protein Coding","Q96K37",42,"GC19M016549",30.1641063690186,"https://www.genecards.org/cgi-bin/carddisp.pl?gene=SLC35E1"
"179","SLC35E4","Solute Carrier Family 35 Member E4","Protein Coding","Q6ICL7",36,"GC22P075796",30.1641063690186,"https://www.genecards.org/cgi-bin/carddisp.pl?gene=SLC35E4"
"180","SLC35G1","Solute Carrier Family 35 Member G1","Protein Coding","Q2M3R5",44,"GC10P093893",30.1496524810791,"https://www.genecards.org/cgi-bin/carddisp.pl?gene=SLC35G1"
"181","SLC25A15","Solute Carrier Family 25 Member 15","Protein Coding","Q9Y619",56,"GC13P040789",30.1395244598389,"https://www.genecards.org/cgi-bin/carddisp.pl?gene=SLC25A15"
"182","SLC2A14","Solute Carrier Family 2 Member 14","Protein Coding","Q8TDB8",45,"GC12M007812",30.1278381347656,"https://www.genecards.org/cgi-bin/carddisp.pl?gene=SLC2A14"
"183","SLC8B1","Solute Carrier Family 8 Member B1","Protein Coding","Q6J4K2",47,"GC12M113298",30.055980682373,"https://www.genecards.org/cgi-bin/carddisp.pl?gene=SLC8B1"
"184","SLC2A12","Solute Carrier Family 2 Member 12","Protein Coding","Q8TD20",48,"GC06M133987",30.0276851654053,"https://www.genecards.org/cgi-bin/carddisp.pl?gene=SLC2A12"
"185","SLC17A3","Solute Carrier Family 17 Member 3","Protein Coding","O00476",51,"GC06M025833",29.9953479766846,"https://www.genecards.org/cgi-bin/carddisp.pl?gene=SLC17A3"
"186","SLC45A2","Solute Carrier Family 45 Member 2","Protein Coding","Q9UMX9",53,"GC05M033944",29.9940090179443,"https://www.genecards.org/cgi-bin/carddisp.pl?gene=SLC45A2"
"187","SLC17A4","Solute Carrier Family 17 Member 4","Protein Coding","Q9Y2C5",42,"GC06P025754",29.9895420074463,"https://www.genecards.org/cgi-bin/carddisp.pl?gene=SLC17A4"
"188","SLC16A6","Solute Carrier Family 16 Member 6","Protein Coding","O15403",46,"GC17M068267",29.9564037322998,"https://www.genecards.org/cgi-bin/carddisp.pl?gene=SLC16A6"
"189","SLC14A2","Solute Carrier Family 14 Member 2","Protein Coding","Q15849",49,"GC18P045167",29.9336128234863,"https://www.genecards.org/cgi-bin/carddisp.pl?gene=SLC14A2"
"190","SLC9A5","Solute Carrier Family 9 Member A5","Protein Coding","Q14940",46,"GC16P097618",29.9078636169434,"https://www.genecards.org/cgi-bin/carddisp.pl?gene=SLC9A5"
"191","SLC23A3","Solute Carrier Family 23 Member 3","Protein Coding","Q6PIS1",40,"GC02M219161",29.8698310852051,"https://www.genecards.org/cgi-bin/carddisp.pl?gene=SLC23A3"
"192","SLC41A3","Solute Carrier Family 41 Member 3","Protein Coding","Q96GZ6",43,"GC03M126006",29.8409118652344,"https://www.genecards.org/cgi-bin/carddisp.pl?gene=SLC41A3"
"193","SLC35F5","Solute Carrier Family 35 Member F5","Protein Coding","Q8WV83",43,"GC02M113783",29.8337993621826,"https://www.genecards.org/cgi-bin/carddisp.pl?gene=SLC35F5"
"194","SLC35G2","Solute Carrier Family 35 Member G2","Protein Coding","Q8TBE7",39,"GC03P136818",29.8337993621826,"https://www.genecards.org/cgi-bin/carddisp.pl?gene=SLC35G2"
"195","SLC22A12","Solute Carrier Family 22 Member 12","Protein Coding","Q96S37",58,"GC11P094526",29.817943572998,"https://www.genecards.org/cgi-bin/carddisp.pl?gene=SLC22A12"
"196","SLC26A4","Solute Carrier Family 26 Member 4","Protein Coding","O43511",56,"GC07P107660",29.8067054748535,"https://www.genecards.org/cgi-bin/carddisp.pl?gene=SLC26A4"
"197","SLC12A9","Solute Carrier Family 12 Member 9","Protein Coding","Q9BXP2",46,"GC07P100826",29.7665901184082,"https://www.genecards.org/cgi-bin/carddisp.pl?gene=SLC12A9"
"198","SLC39A1","Solute Carrier Family 39 Member 1","Protein Coding","Q9NY26",51,"GC01M163912",29.7049255371094,"https://www.genecards.org/cgi-bin/carddisp.pl?gene=SLC39A1"
"199","SLC25A39","Solute Carrier Family 25 Member 39","Protein Coding","Q9BZJ4",45,"GC17M044319",29.7045269012451,"https://www.genecards.org/cgi-bin/carddisp.pl?gene=SLC25A39"
"200","SLC9B2","Solute Carrier Family 9 Member B2","Protein Coding","Q86UD5",43,"GC04M103019",29.5986881256104,"https://www.genecards.org/cgi-bin/carddisp.pl?gene=SLC9B2"
"201","SLC35C2","Solute Carrier Family 35 Member C2","Protein Coding","Q9NQQ7",48,"GC20M046345",29.5395240783691,"https://www.genecards.org/cgi-bin/carddisp.pl?gene=SLC35C2"
"202","SLC27A6","Solute Carrier Family 27 Member 6","Protein Coding","Q9Y2P4",52,"GC05P128538",29.536792755127,"https://www.genecards.org/cgi-bin/carddisp.pl?gene=SLC27A6"
"203","SLC16A12","Solute Carrier Family 16 Member 12","Protein Coding","Q6ZSM3",45,"GC10M089430",29.518611907959,"https://www.genecards.org/cgi-bin/carddisp.pl?gene=SLC16A12"
"204","SLC35E2A","Solute Carrier Family 35 Member E2A (Pseudogene)","Pseudogene","P0CK97",31,"GC01M015044",29.502368927002,"https://www.genecards.org/cgi-bin/carddisp.pl?gene=SLC35E2A"
"205","SLC2A13","Solute Carrier Family 2 Member 13","Protein Coding","Q96QE2",49,"GC12M039755",29.4886665344238,"https://www.genecards.org/cgi-bin/carddisp.pl?gene=SLC2A13"
"206","SLC17A9","Solute Carrier Family 17 Member 9","Protein Coding","Q9BYT1",49,"GC20P062952",29.465913772583,"https://www.genecards.org/cgi-bin/carddisp.pl?gene=SLC17A9"
"207","SLC27A1","Solute Carrier Family 27 Member 1","Protein Coding","Q6PCB7",52,"GC19P122608",29.4368667602539,"https://www.genecards.org/cgi-bin/carddisp.pl?gene=SLC27A1"
"208","SLC25A41","Solute Carrier Family 25 Member 41","Protein Coding","Q8N5S1",40,"GC19M006426",29.4317817687988,"https://www.genecards.org/cgi-bin/carddisp.pl?gene=SLC25A41"
"209","SLC22A23","Solute Carrier Family 22 Member 23","Protein Coding","A1A5C7",46,"GC06M003849",29.4125518798828,"https://www.genecards.org/cgi-bin/carddisp.pl?gene=SLC22A23"
"210","SLC7A10","Solute Carrier Family 7 Member 10","Protein Coding","Q9NS82",50,"GC19M033208",29.365083694458,"https://www.genecards.org/cgi-bin/carddisp.pl?gene=SLC7A10"
"211","SLC16A10","Solute Carrier Family 16 Member 10","Protein Coding","Q8TF71",48,"GC06P111087",29.365083694458,"https://www.genecards.org/cgi-bin/carddisp.pl?gene=SLC16A10"
"212","SLC25A4","Solute Carrier Family 25 Member 4","Protein Coding","P12235",61,"GC04P185143",29.3583431243896,"https://www.genecards.org/cgi-bin/carddisp.pl?gene=SLC25A4"
"213","SLC35F6","Solute Carrier Family 35 Member F6","Protein Coding","Q8N357",45,"GC02P026764",29.2938404083252,"https://www.genecards.org/cgi-bin/carddisp.pl?gene=SLC35F6"
"214","SLC38A8","Solute Carrier Family 38 Member 8","Protein Coding","A6NNN8",45,"GC16M084009",29.2546977996826,"https://www.genecards.org/cgi-bin/carddisp.pl?gene=SLC38A8"
"215","SLC35A1","Solute Carrier Family 35 Member A1","Protein Coding","P78382",52,"GC06P087470",29.2072277069092,"https://www.genecards.org/cgi-bin/carddisp.pl?gene=SLC35A1"
"216","SLC16A4","Solute Carrier Family 16 Member 4","Protein Coding","O15374",50,"GC01M110362",29.2072277069092,"https://www.genecards.org/cgi-bin/carddisp.pl?gene=SLC16A4"
"217","SLC16A9","Solute Carrier Family 16 Member 9","Protein Coding","Q7RTY1",47,"GC10M059650",29.2072277069092,"https://www.genecards.org/cgi-bin/carddisp.pl?gene=SLC16A9"
"218","SLC38A6","Solute Carrier Family 38 Member 6","Protein Coding","Q8IZM9",40,"GC14P060982",29.1813316345215,"https://www.genecards.org/cgi-bin/carddisp.pl?gene=SLC38A6"
"219","SLC27A4","Solute Carrier Family 27 Member 4","Protein Coding","Q6P1M0",56,"GC09P128340",29.177282333374,"https://www.genecards.org/cgi-bin/carddisp.pl?gene=SLC27A4"
"220","SLC25A12","Solute Carrier Family 25 Member 12","Protein Coding","O75746",59,"GC02M171783",29.1749992370605,"https://www.genecards.org/cgi-bin/carddisp.pl?gene=SLC25A12"
"221","SLC52A2","Solute Carrier Family 52 Member 2","Protein Coding","Q9HAB3",51,"GC08P144333",29.1542892456055,"https://www.genecards.org/cgi-bin/carddisp.pl?gene=SLC52A2"
"222","SLC9C2","Solute Carrier Family 9 Member C2 (Putative)","Protein Coding","Q5TAH2",40,"GC01M173500",29.1411094665527,"https://www.genecards.org/cgi-bin/carddisp.pl?gene=SLC9C2"
"223","SLC39A8","Solute Carrier Family 39 Member 8","Protein Coding","Q9C0K1",56,"GC04M102252",29.1208076477051,"https://www.genecards.org/cgi-bin/carddisp.pl?gene=SLC39A8"
"224","SLC17A8","Solute Carrier Family 17 Member 8","Protein Coding","Q8NDX2",51,"GC12P100357",29.0915660858154,"https://www.genecards.org/cgi-bin/carddisp.pl?gene=SLC17A8"
"225","SLC25A17","Solute Carrier Family 25 Member 17","Protein Coding","O43808",48,"GC22M079357",29.0915660858154,"https://www.genecards.org/cgi-bin/carddisp.pl?gene=SLC25A17"
"226","SLC5A7","Solute Carrier Family 5 Member 7","Protein Coding","Q9GZV3",56,"GC02P107969",29.0858993530273,"https://www.genecards.org/cgi-bin/carddisp.pl?gene=SLC5A7"
"227","SLC30A10","Solute Carrier Family 30 Member 10","Protein Coding","Q6XR72",55,"GC01M219685",29.0464515686035,"https://www.genecards.org/cgi-bin/carddisp.pl?gene=SLC30A10"
"228","SLC35G4","Solute Carrier Family 35 Member G4","Protein Coding","P0C7Q5",23,"GC18P011609",29.0449981689453,"https://www.genecards.org/cgi-bin/carddisp.pl?gene=SLC35G4"
"229","SLC6A17","Solute Carrier Family 6 Member 17","Protein Coding","Q9H1V8",54,"GC01P110150",29.04465675354,"https://www.genecards.org/cgi-bin/carddisp.pl?gene=SLC6A17"
"230","SLC25A51","Solute Carrier Family 25 Member 51","Protein Coding","Q9H1U9",41,"GC09M043467",29.0197849273682,"https://www.genecards.org/cgi-bin/carddisp.pl?gene=SLC25A51"
"231","SLC19A3","Solute Carrier Family 19 Member 3","Protein Coding","Q9BZV2",58,"GC02M227685",29.0124282836914,"https://www.genecards.org/cgi-bin/carddisp.pl?gene=SLC19A3"
"232","SLC22A10","Solute Carrier Family 22 Member 10","Protein Coding","Q63ZE4",41,"GC11P063268",28.9995632171631,"https://www.genecards.org/cgi-bin/carddisp.pl?gene=SLC22A10"
"233","SLC7A13","Solute Carrier Family 7 Member 13","Protein Coding","Q8TCU3",41,"GC08M086214",28.9995632171631,"https://www.genecards.org/cgi-bin/carddisp.pl?gene=SLC7A13"
"234","SLC22A25","Solute Carrier Family 22 Member 25","Protein Coding","Q6T423",44,"GC11M128887",28.9243907928467,"https://www.genecards.org/cgi-bin/carddisp.pl?gene=SLC22A25"
"235","SLC15A3","Solute Carrier Family 15 Member 3","Protein Coding","Q8IY34",43,"GC11M128781",28.9168338775635,"https://www.genecards.org/cgi-bin/carddisp.pl?gene=SLC15A3"
"236","SLC26A10P","Solute Carrier Family 26 Member 10, Pseudogene","Pseudogene","Q8NG04",40,"GC12P062084",28.8986530303955,"https://www.genecards.org/cgi-bin/carddisp.pl?gene=SLC26A10P"
"237","SLC25A48","Solute Carrier Family 25 Member 48","Protein Coding","Q6ZT89",36,"GC05P135747",28.8952579498291,"https://www.genecards.org/cgi-bin/carddisp.pl?gene=SLC25A48"
"238","SLC38A10","Solute Carrier Family 38 Member 10","Protein Coding","Q9HBR0",44,"GC17M081244",28.8609066009521,"https://www.genecards.org/cgi-bin/carddisp.pl?gene=SLC38A10"
"239","SLC10A7","Solute Carrier Family 10 Member 7","Protein Coding","Q0GE19",48,"GC04M146253",28.8591480255127,"https://www.genecards.org/cgi-bin/carddisp.pl?gene=SLC10A7"
"240","SLC10A5","Solute Carrier Family 10 Member 5","Protein Coding","Q5PT55",41,"GC08M081694",28.8563385009766,"https://www.genecards.org/cgi-bin/carddisp.pl?gene=SLC10A5"
"241","SLC39A14","Solute Carrier Family 39 Member 14","Protein Coding","Q15043",56,"GC08P022367",28.7711391448975,"https://www.genecards.org/cgi-bin/carddisp.pl?gene=SLC39A14"
"242","SLC22A7","Solute Carrier Family 22 Member 7","Protein Coding","Q9Y694",53,"GC06P144966",28.7076244354248,"https://www.genecards.org/cgi-bin/carddisp.pl?gene=SLC22A7"
"243","SLC15A5","Solute Carrier Family 15 Member 5","Protein Coding","A6NIM6",39,"GC12M016188",28.7076244354248,"https://www.genecards.org/cgi-bin/carddisp.pl?gene=SLC15A5"
"244","SLC44A2","Solute Carrier Family 44 Member 2 (CTL2 Blood Group)","Protein Coding","Q8IWA5",50,"GC19P010602",28.701150894165,"https://www.genecards.org/cgi-bin/carddisp.pl?gene=SLC44A2"
"245","SLC5A11","Solute Carrier Family 5 Member 11","Protein Coding","Q8WWX8",48,"GC16P096420",28.701150894165,"https://www.genecards.org/cgi-bin/carddisp.pl?gene=SLC5A11"
"246","SLC39A9","Solute Carrier Family 39 Member 9","Protein Coding","Q9NUM3",45,"GC14P069398",28.701150894165,"https://www.genecards.org/cgi-bin/carddisp.pl?gene=SLC39A9"
"247","SLC35B4","Solute Carrier Family 35 Member B4","Protein Coding","Q969S0",44,"GC07M134290",28.701150894165,"https://www.genecards.org/cgi-bin/carddisp.pl?gene=SLC35B4"
"248","SLC43A3","Solute Carrier Family 43 Member 3","Protein Coding","Q8NBI5",43,"GC11M128684",28.679573059082,"https://www.genecards.org/cgi-bin/carddisp.pl?gene=SLC43A3"
"249","SLC6A20","Solute Carrier Family 6 Member 20","Protein Coding","Q9NP91",52,"GC03M045755",28.6741256713867,"https://www.genecards.org/cgi-bin/carddisp.pl?gene=SLC6A20"
"250","SLC37A3","Solute Carrier Family 37 Member 3","Protein Coding","Q8NCC5",44,"GC07M140293",28.6741256713867,"https://www.genecards.org/cgi-bin/carddisp.pl?gene=SLC37A3"
"251","SLC22A6","Solute Carrier Family 22 Member 6","Protein Coding","Q4U2R8",56,"GC11M128879",28.6558589935303,"https://www.genecards.org/cgi-bin/carddisp.pl?gene=SLC22A6"
"252","SLC26A1","Solute Carrier Family 26 Member 1","Protein Coding","Q9H2B4",51,"GC04M005234",28.6034049987793,"https://www.genecards.org/cgi-bin/carddisp.pl?gene=SLC26A1"
"253","SLC2A11","Solute Carrier Family 2 Member 11","Protein Coding","Q9BYW1",46,"GC22P023856",28.600980758667,"https://www.genecards.org/cgi-bin/carddisp.pl?gene=SLC2A11"
"254","SLC22A11","Solute Carrier Family 22 Member 11","Protein Coding","Q9NSA0",51,"GC11P094506",28.5560474395752,"https://www.genecards.org/cgi-bin/carddisp.pl?gene=SLC22A11"
"255","SLC35D3","Solute Carrier Family 35 Member D3","Protein Coding","Q5M8T2",41,"GC06P136922",28.5450534820557,"https://www.genecards.org/cgi-bin/carddisp.pl?gene=SLC35D3"
"256","SLC46A2","Solute Carrier Family 46 Member 2","Protein Coding","Q9BY10",41,"GC09M112878",28.5450534820557,"https://www.genecards.org/cgi-bin/carddisp.pl?gene=SLC46A2"
"257","SLC47A2","Solute Carrier Family 47 Member 2","Protein Coding","Q86VL8",48,"GC17M019678",28.5427188873291,"https://www.genecards.org/cgi-bin/carddisp.pl?gene=SLC47A2"
"258","SLC6A19","Solute Carrier Family 6 Member 19","Protein Coding","Q695T7",56,"GC05P001201",28.5388259887695,"https://www.genecards.org/cgi-bin/carddisp.pl?gene=SLC6A19"
"259","SLC35G6","Solute Carrier Family 35 Member G6","Protein Coding","P0C7Q6",33,"GC17P121918",28.454381942749,"https://www.genecards.org/cgi-bin/carddisp.pl?gene=SLC35G6"
"260","SLC9B1","Solute Carrier Family 9 Member B1","Protein Coding","Q4ZJI4",46,"GC04M102885",28.4535675048828,"https://www.genecards.org/cgi-bin/carddisp.pl?gene=SLC9B1"
"261","SLC46A1","Solute Carrier Family 46 Member 1","Protein Coding","Q96NT5",55,"GC17M084697",28.4442081451416,"https://www.genecards.org/cgi-bin/carddisp.pl?gene=SLC46A1"
"262","SLC44A3","Solute Carrier Family 44 Member 3","Protein Coding","Q8N4M1",47,"GC01P094820",28.4299774169922,"https://www.genecards.org/cgi-bin/carddisp.pl?gene=SLC44A3"
"263","SLC2A7","Solute Carrier Family 2 Member 7","Protein Coding","Q6PXP3",44,"GC01M008992",28.3866806030273,"https://www.genecards.org/cgi-bin/carddisp.pl?gene=SLC2A7"
"264","SLC17A6","Solute Carrier Family 17 Member 6","Protein Coding","Q9P2U8",53,"GC11P022359",28.3852977752686,"https://www.genecards.org/cgi-bin/carddisp.pl?gene=SLC17A6"
"265","SLC25A21","Solute Carrier Family 25 Member 21","Protein Coding","Q9BQT8",53,"GC14M036677",28.3852977752686,"https://www.genecards.org/cgi-bin/carddisp.pl?gene=SLC25A21"
"266","SLC35C1","Solute Carrier Family 35 Member C1","Protein Coding","Q96A29",53,"GC11P048021",28.3852977752686,"https://www.genecards.org/cgi-bin/carddisp.pl?gene=SLC35C1"
"267","SLC39A13","Solute Carrier Family 39 Member 13","Protein Coding","Q96H72",52,"GC11P047407",28.3852977752686,"https://www.genecards.org/cgi-bin/carddisp.pl?gene=SLC39A13"
"268","SLC5A12","Solute Carrier Family 5 Member 12","Protein Coding","Q1EHB4",42,"GC11M026648",28.3852977752686,"https://www.genecards.org/cgi-bin/carddisp.pl?gene=SLC5A12"
"269","SLC35B2","Solute Carrier Family 35 Member B2","Protein Coding","Q8TB61",50,"GC06M044254",28.3807239532471,"https://www.genecards.org/cgi-bin/carddisp.pl?gene=SLC35B2"
"270","SLC38A5","Solute Carrier Family 38 Member 5","Protein Coding","Q8WUX1",45,"GC0XM048458",28.3807239532471,"https://www.genecards.org/cgi-bin/carddisp.pl?gene=SLC38A5"
"271","SLC24A4","Solute Carrier Family 24 Member 4","Protein Coding","Q8NFF2",51,"GC14P092322",28.3172378540039,"https://www.genecards.org/cgi-bin/carddisp.pl?gene=SLC24A4"
"272","SLC4A1AP","Solute Carrier Family 4 Member 1 Adaptor Protein","Protein Coding","Q9BWU0",42,"GC02P027663",28.3074913024902,"https://www.genecards.org/cgi-bin/carddisp.pl?gene=SLC4A1AP"
"273","SLC17A7","Solute Carrier Family 17 Member 7","Protein Coding","Q9P2U7",54,"GC19M049429",28.2274417877197,"https://www.genecards.org/cgi-bin/carddisp.pl?gene=SLC17A7"
"274","SLC35D1","Solute Carrier Family 35 Member D1","Protein Coding","Q9NTN3",52,"GC01M066999",28.2274417877197,"https://www.genecards.org/cgi-bin/carddisp.pl?gene=SLC35D1"
"275","SLC4A5","Solute Carrier Family 4 Member 5","Protein Coding","Q9BY07",52,"GC02M074217",28.2274417877197,"https://www.genecards.org/cgi-bin/carddisp.pl?gene=SLC4A5"
"276","SLC24A5","Solute Carrier Family 24 Member 5","Protein Coding","Q71RS6",50,"GC15P048120",28.2274417877197,"https://www.genecards.org/cgi-bin/carddisp.pl?gene=SLC24A5"
"277","SLC37A1","Solute Carrier Family 37 Member 1","Protein Coding","P57057",48,"GC21P042750",28.2274417877197,"https://www.genecards.org/cgi-bin/carddisp.pl?gene=SLC37A1"
"278","SLC26A11","Solute Carrier Family 26 Member 11","Protein Coding","Q86WA9",47,"GC17P080219",28.2274417877197,"https://www.genecards.org/cgi-bin/carddisp.pl?gene=SLC26A11"
"279","SLC39A12","Solute Carrier Family 39 Member 12","Protein Coding","Q504Y0",47,"GC10P017951",28.2274417877197,"https://www.genecards.org/cgi-bin/carddisp.pl?gene=SLC39A12"
"280","SLC5A9","Solute Carrier Family 5 Member 9","Protein Coding","Q2M3M2",47,"GC01P048222",28.2274417877197,"https://www.genecards.org/cgi-bin/carddisp.pl?gene=SLC5A9"
"281","SLC25A28","Solute Carrier Family 25 Member 28","Protein Coding","Q96A46",46,"GC10M099610",28.2274417877197,"https://www.genecards.org/cgi-bin/carddisp.pl?gene=SLC25A28"
"282","SLC26A8","Solute Carrier Family 26 Member 8","Protein Coding","Q96RN1",53,"GC06M097259",28.2129898071289,"https://www.genecards.org/cgi-bin/carddisp.pl?gene=SLC26A8"
"283","SLC35D2","Solute Carrier Family 35 Member D2","Protein Coding","Q76EJ3",43,"GC09M096313",28.2129898071289,"https://www.genecards.org/cgi-bin/carddisp.pl?gene=SLC35D2"
"284","SLC37A4","Solute Carrier Family 37 Member 4","Protein Coding","O43826",54,"GC11M130172",28.1242008209229,"https://www.genecards.org/cgi-bin/carddisp.pl?gene=SLC37A4"
"285","SLC47A1","Solute Carrier Family 47 Member 1","Protein Coding","Q96FL8",53,"GC17P019495",28.0732307434082,"https://www.genecards.org/cgi-bin/carddisp.pl?gene=SLC47A1"
"286","SLC25A26","Solute Carrier Family 25 Member 26","Protein Coding","Q70HW3",50,"GC03P066120",28.0648708343506,"https://www.genecards.org/cgi-bin/carddisp.pl?gene=SLC25A26"
"287","SLC6A7","Solute Carrier Family 6 Member 7","Protein Coding","Q99884",48,"GC05P153776",28.0648708343506,"https://www.genecards.org/cgi-bin/carddisp.pl?gene=SLC6A7"
"288","SLC37A2","Solute Carrier Family 37 Member 2","Protein Coding","Q8TED4",47,"GC11P125063",28.0648708343506,"https://www.genecards.org/cgi-bin/carddisp.pl?gene=SLC37A2"
"289","SLC22A9","Solute Carrier Family 22 Member 9","Protein Coding","Q8IVM8",44,"GC11P094388",28.0648708343506,"https://www.genecards.org/cgi-bin/carddisp.pl?gene=SLC22A9"
"290","SLC35A4","Solute Carrier Family 35 Member A4","Protein Coding","Q96G79",41,"GC05P153577",28.0648708343506,"https://www.genecards.org/cgi-bin/carddisp.pl?gene=SLC35A4"
"291","SLC39A10","Solute Carrier Family 39 Member 10","Protein Coding","Q9ULF5",50,"GC02P195575",28.0395622253418,"https://www.genecards.org/cgi-bin/carddisp.pl?gene=SLC39A10"
"292","SLC35G5","Solute Carrier Family 35 Member G5","Protein Coding","Q96KT7",39,"GC08P011331",27.9539642333984,"https://www.genecards.org/cgi-bin/carddisp.pl?gene=SLC35G5"
"293","SLC38A9","Solute Carrier Family 38 Member 9","Protein Coding","Q8NBW4",44,"GC05M055625",27.9293594360352,"https://www.genecards.org/cgi-bin/carddisp.pl?gene=SLC38A9"
"294","SLC51A","Solute Carrier Family 51 Member A","Protein Coding","Q86UW1",50,"GC03P196211",27.8971366882324,"https://www.genecards.org/cgi-bin/carddisp.pl?gene=SLC51A"
"295","SLC16A8","Solute Carrier Family 16 Member 8","Protein Coding","O95907",48,"GC22M081062",27.8971366882324,"https://www.genecards.org/cgi-bin/carddisp.pl?gene=SLC16A8"
"296","SLC5A10","Solute Carrier Family 5 Member 10","Protein Coding","A0PJK1",46,"GC17P018950",27.8971366882324,"https://www.genecards.org/cgi-bin/carddisp.pl?gene=SLC5A10"
"297","SLC16A14","Solute Carrier Family 16 Member 14","Protein Coding","Q7RTX9",44,"GC02M230034",27.8971366882324,"https://www.genecards.org/cgi-bin/carddisp.pl?gene=SLC16A14"
"298","SLC39A11","Solute Carrier Family 39 Member 11","Protein Coding","Q8N1S5",44,"GC17M072645",27.8971366882324,"https://www.genecards.org/cgi-bin/carddisp.pl?gene=SLC39A11"
"299","SLC16A13","Solute Carrier Family 16 Member 13","Protein Coding","Q7RTY0",41,"GC17P007036",27.8971366882324,"https://www.genecards.org/cgi-bin/carddisp.pl?gene=SLC16A13"
"300","SLC26A5","Solute Carrier Family 26 Member 5","Protein Coding","P58743",54,"GC07M103352",27.8233032226563,"https://www.genecards.org/cgi-bin/carddisp.pl?gene=SLC26A5"
"301","SLC43A2","Solute Carrier Family 43 Member 2","Protein Coding","Q8N370",44,"GC17M083854",27.8233032226563,"https://www.genecards.org/cgi-bin/carddisp.pl?gene=SLC43A2"
"302","SLC35A5","Solute Carrier Family 35 Member A5","Protein Coding","Q9BS91",45,"GC03P112561",27.7701644897461,"https://www.genecards.org/cgi-bin/carddisp.pl?gene=SLC35A5"
"303","SLC25A18","Solute Carrier Family 25 Member 18","Protein Coding","Q9H1K4",45,"GC22P075317",27.7237091064453,"https://www.genecards.org/cgi-bin/carddisp.pl?gene=SLC25A18"
"304","SLC32A1","Solute Carrier Family 32 Member 1","Protein Coding","Q9H598",55,"GC20P038724",27.7024173736572,"https://www.genecards.org/cgi-bin/carddisp.pl?gene=SLC32A1"
"305","SLC30A9","Solute Carrier Family 30 Member 9","Protein Coding","Q6PML9",54,"GC04P041992",27.6969413757324,"https://www.genecards.org/cgi-bin/carddisp.pl?gene=SLC30A9"
"306","SLC33A1","Solute Carrier Family 33 Member 1","Protein Coding","O00400",55,"GC03M155821",27.6924724578857,"https://www.genecards.org/cgi-bin/carddisp.pl?gene=SLC33A1"
"307","SLC39A5","Solute Carrier Family 39 Member 5","Protein Coding","Q6ZMH5",51,"GC12P062021",27.6730289459229,"https://www.genecards.org/cgi-bin/carddisp.pl?gene=SLC39A5"
"308","SLC35G3","Solute Carrier Family 35 Member G3","Protein Coding","Q8N808",33,"GC17M035192",27.6721248626709,"https://www.genecards.org/cgi-bin/carddisp.pl?gene=SLC35G3"
"309","SLC30A5","Solute Carrier Family 30 Member 5","Protein Coding","Q8TAD4",51,"GC05P069093",27.6697750091553,"https://www.genecards.org/cgi-bin/carddisp.pl?gene=SLC30A5"
"310","SLC24A2","Solute Carrier Family 24 Member 2","Protein Coding","Q9UI40",47,"GC09M019507",27.6697750091553,"https://www.genecards.org/cgi-bin/carddisp.pl?gene=SLC24A2"
"311","SLC30A4","Solute Carrier Family 30 Member 4","Protein Coding","O14863",49,"GC15M045479",27.6123085021973,"https://www.genecards.org/cgi-bin/carddisp.pl?gene=SLC30A4"
"312","SLC34A3","Solute Carrier Family 34 Member 3","Protein Coding","Q8N130",55,"GC09P144393",27.5902976989746,"https://www.genecards.org/cgi-bin/carddisp.pl?gene=SLC34A3"
"313","SLC50A1","Solute Carrier Family 50 Member 1","Protein Coding","Q9BRV3",42,"GC01P155135",27.5439720153809,"https://www.genecards.org/cgi-bin/carddisp.pl?gene=SLC50A1"
"314","SLC6A16","Solute Carrier Family 6 Member 16","Protein Coding","Q9GZN6",41,"GC19M049289",27.5439720153809,"https://www.genecards.org/cgi-bin/carddisp.pl?gene=SLC6A16"
"315","SLC13A3","Solute Carrier Family 13 Member 3","Protein Coding","Q8WWT9",55,"GC20M046557",27.5389442443848,"https://www.genecards.org/cgi-bin/carddisp.pl?gene=SLC13A3"
"316","SLC44A1","Solute Carrier Family 44 Member 1","Protein Coding","Q8WWI5",54,"GC09P105244",27.526159286499,"https://www.genecards.org/cgi-bin/carddisp.pl?gene=SLC44A1"
"317","SLC52A1","Solute Carrier Family 52 Member 1","Protein Coding","Q9NWF4",51,"GC17M005032",27.517858505249,"https://www.genecards.org/cgi-bin/carddisp.pl?gene=SLC52A1"
"318","SLC24A3","Solute Carrier Family 24 Member 3","Protein Coding","Q9HC58",49,"GC20P019212",27.5119190216064,"https://www.genecards.org/cgi-bin/carddisp.pl?gene=SLC24A3"
"319","SLC25A30","Solute Carrier Family 25 Member 30","Protein Coding","Q5SVS4",40,"GC13M045393",27.5119190216064,"https://www.genecards.org/cgi-bin/carddisp.pl?gene=SLC25A30"
"320","SLC38A1","Solute Carrier Family 38 Member 1","Protein Coding","Q9H2H9",51,"GC12M046183",27.5086078643799,"https://www.genecards.org/cgi-bin/carddisp.pl?gene=SLC38A1"
"321","SLC27A2","Solute Carrier Family 27 Member 2","Protein Coding","O14975",56,"GC15P050182",27.3810882568359,"https://www.genecards.org/cgi-bin/carddisp.pl?gene=SLC27A2"
"322","SLC30A2","Solute Carrier Family 30 Member 2","Protein Coding","Q9BRI3",52,"GC01M031642",27.3810882568359,"https://www.genecards.org/cgi-bin/carddisp.pl?gene=SLC30A2"
"323","SLC38A2","Solute Carrier Family 38 Member 2","Protein Coding","Q96QD8",50,"GC12M046358",27.3810882568359,"https://www.genecards.org/cgi-bin/carddisp.pl?gene=SLC38A2"
"324","SLC38A4","Solute Carrier Family 38 Member 4","Protein Coding","Q969I6",47,"GC12M046764",27.3810882568359,"https://www.genecards.org/cgi-bin/carddisp.pl?gene=SLC38A4"
"325","SLC30A1","Solute Carrier Family 30 Member 1","Protein Coding","Q9Y6M5",50,"GC01M211571",27.3766212463379,"https://www.genecards.org/cgi-bin/carddisp.pl?gene=SLC30A1"
"326","SLC36A1","Solute Carrier Family 36 Member 1","Protein Coding","Q7Z2H8",50,"GC05P151344",27.3666362762451,"https://www.genecards.org/cgi-bin/carddisp.pl?gene=SLC36A1"
"327","SLC25A53","Solute Carrier Family 25 Member 53","Protein Coding","Q5H9E4",40,"GC0XM104099",27.3603782653809,"https://www.genecards.org/cgi-bin/carddisp.pl?gene=SLC25A53"
"328","SLC36A3","Solute Carrier Family 36 Member 3","Protein Coding","Q495N2",40,"GC05M151276",27.3571758270264,"https://www.genecards.org/cgi-bin/carddisp.pl?gene=SLC36A3"
"329","SLC35A2","Solute Carrier Family 35 Member A2","Protein Coding","P78381",53,"GC0XM048903",27.2913665771484,"https://www.genecards.org/cgi-bin/carddisp.pl?gene=SLC35A2"
"330","SLC30A7","Solute Carrier Family 30 Member 7","Protein Coding","Q8NEW0",49,"GC01P100896",27.2230930328369,"https://www.genecards.org/cgi-bin/carddisp.pl?gene=SLC30A7"
"331","SLC36A4","Solute Carrier Family 36 Member 4","Protein Coding","Q6YBV0",44,"GC11M129594",27.2230930328369,"https://www.genecards.org/cgi-bin/carddisp.pl?gene=SLC36A4"
"332","SLC44A5","Solute Carrier Family 44 Member 5","Protein Coding","Q8NCS7",41,"GC01M075202",27.2230930328369,"https://www.genecards.org/cgi-bin/carddisp.pl?gene=SLC44A5"
"333","SLC25A25","Solute Carrier Family 25 Member 25","Protein Coding","Q6KCM7",47,"GC09P128068",27.2185173034668,"https://www.genecards.org/cgi-bin/carddisp.pl?gene=SLC25A25"
"334","SLC39A7","Solute Carrier Family 39 Member 7","Protein Coding","Q92504",54,"GC06P033200",27.2174320220947,"https://www.genecards.org/cgi-bin/carddisp.pl?gene=SLC39A7"
"335","SLC28A2","Solute Carrier Family 28 Member 2","Protein Coding","O43868",45,"GC15P045252",27.1624221801758,"https://www.genecards.org/cgi-bin/carddisp.pl?gene=SLC28A2"
"336","SLC16A11","Solute Carrier Family 16 Member 11","Protein Coding","Q8NCK7",44,"GC17M007041",27.1624221801758,"https://www.genecards.org/cgi-bin/carddisp.pl?gene=SLC16A11"
"337","SLC6A10P","Solute Carrier Family 6 Member 10, Pseudogene","Pseudogene","",13,"GC16M045072",27.1091442108154,"https://www.genecards.org/cgi-bin/carddisp.pl?gene=SLC6A10P"
"338","SLC30A6","Solute Carrier Family 30 Member 6","Protein Coding","Q6NXT4",49,"GC02P032166",27.0652370452881,"https://www.genecards.org/cgi-bin/carddisp.pl?gene=SLC30A6"
"339","SLC38A7","Solute Carrier Family 38 Member 7","Protein Coding","Q9NVC3",43,"GC16M058665",27.0652370452881,"https://www.genecards.org/cgi-bin/carddisp.pl?gene=SLC38A7"
"340","SLC48A1","Solute Carrier Family 48 Member 1","Protein Coding","Q6P1K1",43,"GC12P047753",27.0652370452881,"https://www.genecards.org/cgi-bin/carddisp.pl?gene=SLC48A1"
"341","SLC38A11","Solute Carrier Family 38 Member 11","Protein Coding","Q08AI6",36,"GC02M164894",27.0652370452881,"https://www.genecards.org/cgi-bin/carddisp.pl?gene=SLC38A11"
"342","SLC25A24","Solute Carrier Family 25 Member 24","Protein Coding","Q6NUK1",54,"GC01M108134",27.0507831573486,"https://www.genecards.org/cgi-bin/carddisp.pl?gene=SLC25A24"
"343","SLC22A20P","Solute Carrier Family 22 Member 20, Pseudogene","Pseudogene","A6NK97",28,"GC11P094605",27.0411624908447,"https://www.genecards.org/cgi-bin/carddisp.pl?gene=SLC22A20P"
"344","SLC7A6OS","Solute Carrier Family 7 Member 6 Opposite Strand","Protein Coding","Q96CW6",43,"GC16M068284",27.0246391296387,"https://www.genecards.org/cgi-bin/carddisp.pl?gene=SLC7A6OS"
"345","SLC30A3","Solute Carrier Family 30 Member 3","Protein Coding","Q99726",48,"GC02M027254",27.0134696960449,"https://www.genecards.org/cgi-bin/carddisp.pl?gene=SLC30A3"
"346","SLC39A2","Solute Carrier Family 39 Member 2","Protein Coding","Q9NP94",46,"GC14P047789",26.9288387298584,"https://www.genecards.org/cgi-bin/carddisp.pl?gene=SLC39A2"
"347","SLC44A4","Solute Carrier Family 44 Member 4","Protein Coding","Q53GD3",52,"GC06M031863",26.9026660919189,"https://www.genecards.org/cgi-bin/carddisp.pl?gene=SLC44A4"
"348","SLC46A3","Solute Carrier Family 46 Member 3","Protein Coding","Q7Z3Q1",48,"GC13M028700",26.9026660919189,"https://www.genecards.org/cgi-bin/carddisp.pl?gene=SLC46A3"
"349","SLC27A5","Solute Carrier Family 27 Member 5","Protein Coding","Q9Y2P5",51,"GC19M058479",26.8266754150391,"https://www.genecards.org/cgi-bin/carddisp.pl?gene=SLC27A5"
"350","SLC45A1","Solute Carrier Family 45 Member 1","Protein Coding","Q9Y2W3",45,"GC01P050947",26.7349300384521,"https://www.genecards.org/cgi-bin/carddisp.pl?gene=SLC45A1"
"351","SLC18B1","Solute Carrier Family 18 Member B1","Protein Coding","Q6NT16",38,"GC06M132769",26.7349300384521,"https://www.genecards.org/cgi-bin/carddisp.pl?gene=SLC18B1"
"352","SLC6A21P","Solute Carrier Family 6 Member 21, Pseudogene","Pseudogene","",11,"GC19M049252",26.7265281677246,"https://www.genecards.org/cgi-bin/carddisp.pl?gene=SLC6A21P"
"353","SLC25A5","Solute Carrier Family 25 Member 5","Protein Coding","P05141",56,"GC0XP119468",26.6976184844971,"https://www.genecards.org/cgi-bin/carddisp.pl?gene=SLC25A5"
"354","SLC22A8","Solute Carrier Family 22 Member 8","Protein Coding","Q8TCC7",54,"GC11M128882",26.6416530609131,"https://www.genecards.org/cgi-bin/carddisp.pl?gene=SLC22A8"
"355","SLC43A1","Solute Carrier Family 43 Member 1","Protein Coding","O75387",50,"GC11M128687",26.5615043640137,"https://www.genecards.org/cgi-bin/carddisp.pl?gene=SLC43A1"
"356","SLC25A27","Solute Carrier Family 25 Member 27","Protein Coding","O95847",48,"GC06P046652",26.5615043640137,"https://www.genecards.org/cgi-bin/carddisp.pl?gene=SLC25A27"
"357","SLC39A3","Solute Carrier Family 39 Member 3","Protein Coding","Q9BRY0",48,"GC19M002732",26.5615043640137,"https://www.genecards.org/cgi-bin/carddisp.pl?gene=SLC39A3"
"358","SLC4A9","Solute Carrier Family 4 Member 9","Protein Coding","Q96Q91",42,"GC05P153573",26.5615043640137,"https://www.genecards.org/cgi-bin/carddisp.pl?gene=SLC4A9"
"359","SLC25A22","Solute Carrier Family 25 Member 22","Protein Coding","Q9H936",54,"GC11M012517",26.5472888946533,"https://www.genecards.org/cgi-bin/carddisp.pl?gene=SLC25A22"
"360","SLC4A8","Solute Carrier Family 4 Member 8","Protein Coding","Q2Y0W8",47,"GC12P051391",26.3817653656006,"https://www.genecards.org/cgi-bin/carddisp.pl?gene=SLC4A8"
"361","SLC39A4","Solute Carrier Family 39 Member 4","Protein Coding","Q6P5W5",55,"GC08M144409",26.316068649292,"https://www.genecards.org/cgi-bin/carddisp.pl?gene=SLC39A4"
"362","SLC27A3","Solute Carrier Family 27 Member 3","Protein Coding","Q5K4L6",48,"GC01P167165",26.316068649292,"https://www.genecards.org/cgi-bin/carddisp.pl?gene=SLC27A3"
"363","SLC25A10","Solute Carrier Family 25 Member 10","Protein Coding","Q9UBX3",55,"GC17P081712",26.243070602417,"https://www.genecards.org/cgi-bin/carddisp.pl?gene=SLC25A10"
"364","SLC36A2","Solute Carrier Family 36 Member 2","Protein Coding","Q495M3",51,"GC05M151309",26.1949710845947,"https://www.genecards.org/cgi-bin/carddisp.pl?gene=SLC36A2"
"365","SLC25A31","Solute Carrier Family 25 Member 31","Protein Coding","Q9H0C2",48,"GC04P127730",26.1949710845947,"https://www.genecards.org/cgi-bin/carddisp.pl?gene=SLC25A31"
"366","SLC25A23","Solute Carrier Family 25 Member 23","Protein Coding","Q9BV35",45,"GC19M006436",26.1949710845947,"https://www.genecards.org/cgi-bin/carddisp.pl?gene=SLC25A23"
"367","SLC38A3","Solute Carrier Family 38 Member 3","Protein Coding","Q99624",48,"GC03P050205",26.1291599273682,"https://www.genecards.org/cgi-bin/carddisp.pl?gene=SLC38A3"
"368","SLC25A6","Solute Carrier Family 25 Member 6","Protein Coding","P12236",52,"GC0XM001386",26.1122398376465,"https://www.genecards.org/cgi-bin/carddisp.pl?gene=SLC25A6"
"369","SLC25A52","Solute Carrier Family 25 Member 52","Protein Coding","Q3SY17",40,"GC18M031759",25.7179908752441,"https://www.genecards.org/cgi-bin/carddisp.pl?gene=SLC25A52"
"370","SLC22A24","Solute Carrier Family 22 Member 24","Protein Coding","Q8N4F4",35,"GC11M063079",25.6613464355469,"https://www.genecards.org/cgi-bin/carddisp.pl?gene=SLC22A24"
"371","SLC25A2","Solute Carrier Family 25 Member 2","Protein Coding","Q9BXI2",44,"GC05M141302",25.1142749786377,"https://www.genecards.org/cgi-bin/carddisp.pl?gene=SLC25A2"
"372","SLC9A3P1","Solute Carrier Family 9 Member 3 Pseudogene 1","Pseudogene","",8,"GC10P050150",24.7629432678223,"https://www.genecards.org/cgi-bin/carddisp.pl?gene=SLC9A3P1"
"373","SLC49A3","Solute Carrier Family 49 Member 3","Protein Coding","Q6UXD7",40,"GC04M005216",24.5833187103271,"https://www.genecards.org/cgi-bin/carddisp.pl?gene=SLC49A3"
"374","SLC66A2","Solute Carrier Family 66 Member 2","Protein Coding","Q8N2U9",39,"GC18M079903",24.5251846313477,"https://www.genecards.org/cgi-bin/carddisp.pl?gene=SLC66A2"
"375","SLC66A3","Solute Carrier Family 66 Member 3","Protein Coding","Q8N755",35,"GC02P011156",24.5251846313477,"https://www.genecards.org/cgi-bin/carddisp.pl?gene=SLC66A3"
"376","SLC2A3P1","Solute Carrier Family 2 Member 3 Pseudogene 1","Pseudogene","",9,"GC05M168552",24.4528484344482,"https://www.genecards.org/cgi-bin/carddisp.pl?gene=SLC2A3P1"
"377","SLC9B1P1","Solute Carrier Family 9 Member B1 Pseudogene 1","Pseudogene","A6NJY1",12,"GC0YM011340",24.2692642211914,"https://www.genecards.org/cgi-bin/carddisp.pl?gene=SLC9B1P1"
"378","SLC23A4P","Solute Carrier Family 23 Member 4, Pseudogene","Pseudogene","",10,"GC07M135270",24.1031360626221,"https://www.genecards.org/cgi-bin/carddisp.pl?gene=SLC23A4P"
"379","SLC7A15P","Solute Carrier Family 7 Member 15, Pseudogene","Pseudogene","",9,"GC02P020386",24.1031360626221,"https://www.genecards.org/cgi-bin/carddisp.pl?gene=SLC7A15P"
"380","SLC66A1LP","Solute Carrier Family 66 Member 1 Like, Pseudogene","Pseudogene","A1A4F0",27,"GC03P157544",23.7623424530029,"https://www.genecards.org/cgi-bin/carddisp.pl?gene=SLC66A1LP"
"381","SLC49A4","Solute Carrier Family 49 Member 4","Protein Coding","Q96SL1",45,"GC03P122908",23.0687026977539,"https://www.genecards.org/cgi-bin/carddisp.pl?gene=SLC49A4"
"382","LOC110806262","Solute Carrier Family 6 Member 4 Gene Promoter","Functional Element","",8,"GC17P030235",23.0377578735352,"https://www.genecards.org/cgi-bin/carddisp.pl?gene=LOC110806262"
"383","SLC66A1","Solute Carrier Family 66 Member 1","Protein Coding","Q6ZP29",45,"GC01P051755",22.8827953338623,"https://www.genecards.org/cgi-bin/carddisp.pl?gene=SLC66A1"
"384","SLC31A1P1","Solute Carrier Family 31 Member 1 Pseudogene 1","Pseudogene","",10,"GC03M172599",22.401683807373,"https://www.genecards.org/cgi-bin/carddisp.pl?gene=SLC31A1P1"
"385","SLC25A6P1","Solute Carrier Family 25 Member 6 Pseudogene 1","Pseudogene","",8,"GC20M021742",22.401683807373,"https://www.genecards.org/cgi-bin/carddisp.pl?gene=SLC25A6P1"
"386","SLC25A15P1","Solute Carrier Family 25 Member 15 Pseudogene 1","Pseudogene","",6,"GC0YM026586",22.401683807373,"https://www.genecards.org/cgi-bin/carddisp.pl?gene=SLC25A15P1"
"387","SLC9B1P5","Solute Carrier Family 9 Member B1 Pseudogene 5","Pseudogene","",6,"GC16P096848",22.401683807373,"https://www.genecards.org/cgi-bin/carddisp.pl?gene=SLC9B1P5"
"388","SLC7A5P2","Solute Carrier Family 7 Member 5 Pseudogene 2","Pseudogene","Q9GIP4",24,"GC16M021517",21.4218997955322,"https://www.genecards.org/cgi-bin/carddisp.pl?gene=SLC7A5P2"
"389","SLC7A5P1","Solute Carrier Family 7 Member 5 Pseudogene 1","Pseudogene","Q8MH63",20,"GC16M044848",21.4218997955322,"https://www.genecards.org/cgi-bin/carddisp.pl?gene=SLC7A5P1"
"390","SLC25A3P1","Solute Carrier Family 25 Member 3 Pseudogene 1","Pseudogene","",14,"GC01M053488",21.4218997955322,"https://www.genecards.org/cgi-bin/carddisp.pl?gene=SLC25A3P1"
"391","SLC9A7P1","Solute Carrier Family 9 Member 7 Pseudogene 1","Pseudogene","",14,"GC12M098453",21.4218997955322,"https://www.genecards.org/cgi-bin/carddisp.pl?gene=SLC9A7P1"
"392","SLC25A20P1","Solute Carrier Family 25 Member 20 Pseudogene 1","Pseudogene","",12,"GC06P052246",21.4218997955322,"https://www.genecards.org/cgi-bin/carddisp.pl?gene=SLC25A20P1"
"393","SLC9B1P3","Solute Carrier Family 9 Member B1 Pseudogene 3","Pseudogene","",12,"GC10M038640",21.4218997955322,"https://www.genecards.org/cgi-bin/carddisp.pl?gene=SLC9B1P3"
"394","SLC6A6P1","Solute Carrier Family 6 Member 6 Pseudogene 1","Pseudogene","",10,"GC21P019244",21.4218997955322,"https://www.genecards.org/cgi-bin/carddisp.pl?gene=SLC6A6P1"
"395","SLC25A5P1","Solute Carrier Family 25 Member 5 Pseudogene 1","Pseudogene","",9,"GC22M042000",21.4218997955322,"https://www.genecards.org/cgi-bin/carddisp.pl?gene=SLC25A5P1"
"396","SLC9A3P2","Solute Carrier Family 9 Member 3 Pseudogene 2","Pseudogene","",9,"GC22P020652",21.4218997955322,"https://www.genecards.org/cgi-bin/carddisp.pl?gene=SLC9A3P2"
"397","SLC9A3P3","Solute Carrier Family 9 Member 3 Pseudogene 3","Pseudogene","",9,"GC10M050025",21.4218997955322,"https://www.genecards.org/cgi-bin/carddisp.pl?gene=SLC9A3P3"
"398","SLC5A4P1","Solute Carrier Family 5 Member 4 Pseudogene 1","Pseudogene","",8,"GC11P124274",21.4218997955322,"https://www.genecards.org/cgi-bin/carddisp.pl?gene=SLC5A4P1"
"399","SLC9B1P2","Solute Carrier Family 9 Member B1 Pseudogene 2","Pseudogene","",8,"GC02M091882",21.4218997955322,"https://www.genecards.org/cgi-bin/carddisp.pl?gene=SLC9B1P2"
"400","SLC16A14P1","Solute Carrier Family 16 Member 14 Pseudogene 1","Pseudogene","",7,"GC08P106215",21.4218997955322,"https://www.genecards.org/cgi-bin/carddisp.pl?gene=SLC16A14P1"
"401","SLC25A18P1","Solute Carrier Family 25 Member 18 Pseudogene 1","Pseudogene","",7,"GC10P118572",21.4218997955322,"https://www.genecards.org/cgi-bin/carddisp.pl?gene=SLC25A18P1"
"402","SLC2AXP1","Solute Carrier Family 2 Pseudogene 1","Pseudogene","",7,"GC02M095196",21.4218997955322,"https://www.genecards.org/cgi-bin/carddisp.pl?gene=SLC2AXP1"
"403","SLC9B1P4","Solute Carrier Family 9 Member B1 Pseudogene 4","Pseudogene","",7,"GC22M016428",21.4218997955322,"https://www.genecards.org/cgi-bin/carddisp.pl?gene=SLC9B1P4"
"404","SLC25A5P5","Solute Carrier Family 25 Member 5 Pseudogene 5","Pseudogene","",12,"GC07P032471",20.259693145752,"https://www.genecards.org/cgi-bin/carddisp.pl?gene=SLC25A5P5"
"405","SLC25A14P1","Solute Carrier Family 25 Member 14 Pseudogene 1","Pseudogene","",10,"GC04P083477",20.259693145752,"https://www.genecards.org/cgi-bin/carddisp.pl?gene=SLC25A14P1"
"406","SLC25A5P2","Solute Carrier Family 25 Member 5 Pseudogene 2","Pseudogene","",10,"GC02M033839",20.259693145752,"https://www.genecards.org/cgi-bin/carddisp.pl?gene=SLC25A5P2"
"407","SLC25A5P3","Solute Carrier Family 25 Member 5 Pseudogene 3","Pseudogene","",10,"GC07P054420",20.259693145752,"https://www.genecards.org/cgi-bin/carddisp.pl?gene=SLC25A5P3"
"408","SLC2A3P2","Solute Carrier Family 2 Member 3 Pseudogene 2","Pseudogene","",10,"GC01M064982",20.259693145752,"https://www.genecards.org/cgi-bin/carddisp.pl?gene=SLC2A3P2"
"409","SLC35E1P1","Solute Carrier Family 35 Member E1 Pseudogene 1","Pseudogene","",10,"GC13P020607",20.259693145752,"https://www.genecards.org/cgi-bin/carddisp.pl?gene=SLC35E1P1"
"410","SLC25A1P1","Solute Carrier Family 25 Member 1 Pseudogene 1","Pseudogene","",9,"GC11P085934",20.259693145752,"https://www.genecards.org/cgi-bin/carddisp.pl?gene=SLC25A1P1"
"411","SLC25A5P6","Solute Carrier Family 25 Member 5 Pseudogene 6","Pseudogene","",9,"GC04M186328",20.259693145752,"https://www.genecards.org/cgi-bin/carddisp.pl?gene=SLC25A5P6"
"412","SLC25A5P7","Solute Carrier Family 25 Member 5 Pseudogene 7","Pseudogene","",9,"GC06P121653",20.259693145752,"https://www.genecards.org/cgi-bin/carddisp.pl?gene=SLC25A5P7"
"413","SLC2A3P4","Solute Carrier Family 2 Member 3 Pseudogene 4","Pseudogene","",9,"GC08P086503",20.259693145752,"https://www.genecards.org/cgi-bin/carddisp.pl?gene=SLC2A3P4"
"414","LOC100130121","Solute Carrier Family 19 Member 3 Pseudogene","Pseudogene","",8,"GC07P055409",20.259693145752,"https://www.genecards.org/cgi-bin/carddisp.pl?gene=LOC100130121"
"415","SLC20A1P1","Solute Carrier Family 20 Member 1 Pseudogene 1","Pseudogene","",8,"GC14M121228",20.259693145752,"https://www.genecards.org/cgi-bin/carddisp.pl?gene=SLC20A1P1"
"416","SLC20A1P2","Solute Carrier Family 20 Member 1 Pseudogene 2","Pseudogene","",8,"GC14M121187",20.259693145752,"https://www.genecards.org/cgi-bin/carddisp.pl?gene=SLC20A1P2"
"417","SLC20A1P3","Solute Carrier Family 20 Member 1 Pseudogene 3","Pseudogene","",8,"GC15M019966",20.259693145752,"https://www.genecards.org/cgi-bin/carddisp.pl?gene=SLC20A1P3"
"418","SLC25A1P3","Solute Carrier Family 25 Member 1 Pseudogene 3","Pseudogene","",8,"GC07P063931",20.259693145752,"https://www.genecards.org/cgi-bin/carddisp.pl?gene=SLC25A1P3"
"419","SLC25A1P4","Solute Carrier Family 25 Member 1 Pseudogene 4","Pseudogene","",8,"GC16P096959",20.259693145752,"https://www.genecards.org/cgi-bin/carddisp.pl?gene=SLC25A1P4"
"420","SLC25A3P2","Solute Carrier Family 25 Member 3 Pseudogene 2","Pseudogene","",8,"GC12P111992",20.259693145752,"https://www.genecards.org/cgi-bin/carddisp.pl?gene=SLC25A3P2"
"421","SLC25A5P4","Solute Carrier Family 25 Member 5 Pseudogene 4","Pseudogene","",8,"GC13P057314",20.259693145752,"https://www.genecards.org/cgi-bin/carddisp.pl?gene=SLC25A5P4"
"422","SLC25A5P8","Solute Carrier Family 25 Member 5 Pseudogene 8","Pseudogene","",8,"GC09M032372",20.259693145752,"https://www.genecards.org/cgi-bin/carddisp.pl?gene=SLC25A5P8"
"423","SLC25A5P9","Solute Carrier Family 25 Member 5 Pseudogene 9","Pseudogene","",8,"GC05M075752",20.259693145752,"https://www.genecards.org/cgi-bin/carddisp.pl?gene=SLC25A5P9"
"424","SLC25A6P2","Solute Carrier Family 25 Member 6 Pseudogene 2","Pseudogene","",8,"GC09P031254",20.259693145752,"https://www.genecards.org/cgi-bin/carddisp.pl?gene=SLC25A6P2"
"425","SLC25A6P5","Solute Carrier Family 25 Member 6 Pseudogene 5","Pseudogene","",8,"GC09P105849",20.259693145752,"https://www.genecards.org/cgi-bin/carddisp.pl?gene=SLC25A6P5"
"426","SLC29A4P1","Solute Carrier Family 29 Member 4 Pseudogene 1","Pseudogene","",8,"GC07M057014",20.259693145752,"https://www.genecards.org/cgi-bin/carddisp.pl?gene=SLC29A4P1"
"427","SLC25A15P3","Solute Carrier Family 25 Member 15 Pseudogene 3","Pseudogene","",7,"GC13P024943",20.259693145752,"https://www.genecards.org/cgi-bin/carddisp.pl?gene=SLC25A15P3"
"428","SLC25A15P5","Solute Carrier Family 25 Member 15 Pseudogene 5","Pseudogene","",7,"GC22M016646",20.259693145752,"https://www.genecards.org/cgi-bin/carddisp.pl?gene=SLC25A15P5"
"429","SLC25A1P2","Solute Carrier Family 25 Member 1 Pseudogene 2","Pseudogene","",7,"GC07P088017",20.259693145752,"https://www.genecards.org/cgi-bin/carddisp.pl?gene=SLC25A1P2"
"430","SLC25A3P3","Solute Carrier Family 25 Member 3 Pseudogene 3","Pseudogene","",7,"GC18M001160",20.259693145752,"https://www.genecards.org/cgi-bin/carddisp.pl?gene=SLC25A3P3"
"431","SLC25A6P3","Solute Carrier Family 25 Member 6 Pseudogene 3","Pseudogene","",7,"GC01P051709",20.259693145752,"https://www.genecards.org/cgi-bin/carddisp.pl?gene=SLC25A6P3"
"432","LOC100422685","Solute Carrier Family 25 Member 6 Pseudogene","Pseudogene","",6,"GC0XP136788",20.259693145752,"https://www.genecards.org/cgi-bin/carddisp.pl?gene=LOC100422685"
"433","SLC25A15P2","Solute Carrier Family 25 Member 15 Pseudogene 2","Pseudogene","",6,"GC13P019411",20.259693145752,"https://www.genecards.org/cgi-bin/carddisp.pl?gene=SLC25A15P2"
"434","SLC25A15P4","Solute Carrier Family 25 Member 15 Pseudogene 4","Pseudogene","",6,"GC21M010612",20.259693145752,"https://www.genecards.org/cgi-bin/carddisp.pl?gene=SLC25A15P4"
"435","SLC25A6P4","Solute Carrier Family 25 Member 6 Pseudogene 4","Pseudogene","",6,"GC18P080077",20.259693145752,"https://www.genecards.org/cgi-bin/carddisp.pl?gene=SLC25A6P4"
"436","SLC25A6P6","Solute Carrier Family 25 Member 6 Pseudogene 6","Pseudogene","",6,"GC06M070663",20.259693145752,"https://www.genecards.org/cgi-bin/carddisp.pl?gene=SLC25A6P6"
"437","SLC29A4P2","Solute Carrier Family 29 Member 4 Pseudogene 2","Pseudogene","",6,"GC07P063556",20.259693145752,"https://www.genecards.org/cgi-bin/carddisp.pl?gene=SLC29A4P2"
"438","SLC4A1APP1","Solute Carrier Family 4 Member 1 Adaptor Protein Pseudogene 1","Pseudogene","",6,"GC09M030560",20.259693145752,"https://www.genecards.org/cgi-bin/carddisp.pl?gene=SLC4A1APP1"
"439","SLC4A1APP2","Solute Carrier Family 4 Member 1 Adaptor Protein Pseudogene 2","Pseudogene","",6,"GC01P187707",20.259693145752,"https://www.genecards.org/cgi-bin/carddisp.pl?gene=SLC4A1APP2"
"440","LOC100422614","Solute Carrier Family 7 Member 13 Pseudogene","Pseudogene","",5,"GC08P085086",20.259693145752,"https://www.genecards.org/cgi-bin/carddisp.pl?gene=LOC100422614"
"441","SLC25A1P5","Solute Carrier Family 25 Member 1 Pseudogene 5","Pseudogene","",5,"GC19M027805",20.259693145752,"https://www.genecards.org/cgi-bin/carddisp.pl?gene=SLC25A1P5"
"442","LOC100420845","Solute Carrier Family 25 Member 43 Pseudogene","Pseudogene","",4,"GC08M083099",20.259693145752,"https://www.genecards.org/cgi-bin/carddisp.pl?gene=LOC100420845"
"443","LOC100422548","Solute Carrier Family 5 Member 4 Pseudogene","Pseudogene","",4,"GC01M171780",20.259693145752,"https://www.genecards.org/cgi-bin/carddisp.pl?gene=LOC100422548"
"444","LOC100422549","Solute Carrier Family 5 Member 4 Pseudogene","Pseudogene","",4,"GC01M171757",20.259693145752,"https://www.genecards.org/cgi-bin/carddisp.pl?gene=LOC100422549"
"445","SLC6A10PB","Solute Carrier Family 6 Member 8 Pseudogene","Pseudogene","",4,"GC16M8D1138",20.259693145752,"https://www.genecards.org/cgi-bin/carddisp.pl?gene=SLC6A10PB"
"446","LOC100423044","Solute Carrier Family 34 Member 2 Pseudogene","Pseudogene","",2,"GC07P014053",20.259693145752,"https://www.genecards.org/cgi-bin/carddisp.pl?gene=LOC100423044"
"447","SLC19A4P","Solute Carrier Family 19 Member 4, Pseudogene","Pseudogene","Q53S99",28,"GC02M227610",20.1057357788086,"https://www.genecards.org/cgi-bin/carddisp.pl?gene=SLC19A4P"
"448","ENSG00000268864","Solute Carrier Family 7 (Cationic Amino Acid Transporter, Y+ System), Member 2 (SLC7A2) Pseudogene","Pseudogene","",5,"GC19M053600",20.0656566619873,"https://www.genecards.org/cgi-bin/carddisp.pl?gene=ENSG00000268864"
"449","LOC284379","Solute Carrier Family 7 Member 3 Pseudogene","Pseudogene","",10,"GC19M053599",18.7450771331787,"https://www.genecards.org/cgi-bin/carddisp.pl?gene=LOC284379"
"450","SLC25A47P1","Solute Carrier Family 25 Member 47 Pseudogene 1","Pseudogene","",9,"GC11M059263",18.7450771331787,"https://www.genecards.org/cgi-bin/carddisp.pl?gene=SLC25A47P1"
"451","ENSG00000226329","Solute Carrier Family 40 (Iron-Regulated Transporter), Member 1 (SLC40A1) Pseudogene","Pseudogene","",7,"GC07M022863",18.7450771331787,"https://www.genecards.org/cgi-bin/carddisp.pl?gene=ENSG00000226329"
"452","ENSG00000253897","Solute Carrier Family 36 (Proton/Amino Acid Symporter) Pseudogene","Pseudogene","",7,"GC05M151419",18.7450771331787,"https://www.genecards.org/cgi-bin/carddisp.pl?gene=ENSG00000253897"
"453","ENSG00000256176","Solute Carrier Family 25, Member 13 (Citrin) (SLC25A13) Pseudogene","Pseudogene","",7,"GC12P031311",18.7450771331787,"https://www.genecards.org/cgi-bin/carddisp.pl?gene=ENSG00000256176"
"454","SLC25A39P1","Solute Carrier Family 25 Member 39 Pseudogene 1","Pseudogene","",7,"GC01P202949",18.7450771331787,"https://www.genecards.org/cgi-bin/carddisp.pl?gene=SLC25A39P1"
"455","ENSG00000253680","Solute Carrier Family 33 (Acetyl-CoA Transporter), Member 1 (SLC33A1) Pseudogene","Pseudogene","",5,"GC08M085617",18.7450771331787,"https://www.genecards.org/cgi-bin/carddisp.pl?gene=ENSG00000253680"
"456","ENSG00000267733","Solute Carrier Family 5 (Low Affinity Glucose Cotransporter), Member 4 (SLC5A4) Pseudogene","Pseudogene","",5,"GC18P022427",18.7450771331787,"https://www.genecards.org/cgi-bin/carddisp.pl?gene=ENSG00000267733"
"457","LOC100533846","Solute Carrier Family 30 Member 5 Pseudogene","Pseudogene","",5,"GC19M097055",18.7450771331787,"https://www.genecards.org/cgi-bin/carddisp.pl?gene=LOC100533846"
"458","LOC653698","Solute Carrier Family 25 Member 33 Pseudogene","Pseudogene","",5,"GC11M128651",18.7450771331787,"https://www.genecards.org/cgi-bin/carddisp.pl?gene=LOC653698"
"459","ENSG00000223679","Solute Carrier Family 5 (Sodium/Glucose Cotransporter), Member 1 (SLC5A1) Pseudogene","Pseudogene","",4,"GC22P022990",18.7450771331787,"https://www.genecards.org/cgi-bin/carddisp.pl?gene=ENSG00000223679"
"460","ENSG00000227545","Solute Carrier Family 25 (Mitochondrial Carrier  Citrate Transporter), Member 1 (SLC25A1) Pseudogene","Pseudogene","",4,"GC07M063349",18.7450771331787,"https://www.genecards.org/cgi-bin/carddisp.pl?gene=ENSG00000227545"
"461","ENSG00000230137","Solute Carrier Family 39 (Zinc Transporter), Member 1 (SLC39A1) Pseudogene","Pseudogene","",4,"GC22P075785",18.7450771331787,"https://www.genecards.org/cgi-bin/carddisp.pl?gene=ENSG00000230137"
"462","ENSG00000236099","Pseudogene Similar To Part Of Solute Carrier Family 5 (Sodium-Dependent Vitamin Transporter), Member 6 SLC5A6","Pseudogene","",4,"GC02M027158",18.7450771331787,"https://www.genecards.org/cgi-bin/carddisp.pl?gene=ENSG00000236099"
"463","ENSG00000261970","Solute Carrier Family 19, Member 3 (SLC19A3) Pseudogene","Pseudogene","",4,"GC06P079552",18.7450771331787,"https://www.genecards.org/cgi-bin/carddisp.pl?gene=ENSG00000261970"
"464","ENSG00000263107","Solute Carrier Family 47, Member 1 (SLC47A1) Pseudogene","Pseudogene","",4,"GC17M084522",18.7450771331787,"https://www.genecards.org/cgi-bin/carddisp.pl?gene=ENSG00000263107"
"465","ENSG00000267773","Solute Carrier Family 35, Member G4 (SLC35G4) Pseudogene","Pseudogene","",4,"GC18P011644",18.7450771331787,"https://www.genecards.org/cgi-bin/carddisp.pl?gene=ENSG00000267773"
"466","ENSG00000268053","Solute Carrier Family 30 (Zinc Transporter), Member 5 (SLC30A5) Pseudogene","Pseudogene","",4,"GC19M097054",18.7450771331787,"https://www.genecards.org/cgi-bin/carddisp.pl?gene=ENSG00000268053"
"467","ENSG00000270822","Solute Carrier Family 25 (Mitochondrial Carrier  Adenine Nucleotide Translocator), Member 6 (SLC25A6) Pseudogene","Pseudogene","",4,"GC07M005499",18.7450771331787,"https://www.genecards.org/cgi-bin/carddisp.pl?gene=ENSG00000270822"
"468","ENSG00000271459","Solute Carrier Family 5 (Low Affinity Glucose Cotransporter), Member 4 (SLC5A4) Pseudogene","Pseudogene","",4,"GC01M171755",18.7450771331787,"https://www.genecards.org/cgi-bin/carddisp.pl?gene=ENSG00000271459"
"469","ENSG00000275103","Solute Carrier Family 7 (Amino Acid Transporter Light Chain, Y+L System), Member 7 (SLC7A7) Pseudogene","Pseudogene","",4,"GC08P089826",18.7450771331787,"https://www.genecards.org/cgi-bin/carddisp.pl?gene=ENSG00000275103"
"470","ENSG00000288527","Solute Carrier Family 25, Member-Like Pseudogene","Pseudogene","",4,"GC01M053441",18.7450771331787,"https://www.genecards.org/cgi-bin/carddisp.pl?gene=ENSG00000288527"
"471","ENSG00000293147","Solute Carrier Family 9 Member 7 Pseudogene 1","RNA Gene","",4,"GC12M098454",18.7450771331787,"https://www.genecards.org/cgi-bin/carddisp.pl?gene=ENSG00000293147"
"472","LOC100130329","Solute Carrier Family 41 Member 2 Pseudogene","Pseudogene","",4,"GC18P011445",18.7450771331787,"https://www.genecards.org/cgi-bin/carddisp.pl?gene=LOC100130329"
"473","LOC100131725","Solute Carrier Family 39 Member 14 Pseudogene","Pseudogene","",4,"GC01P235614",18.7450771331787,"https://www.genecards.org/cgi-bin/carddisp.pl?gene=LOC100131725"
"474","LOC100132179","Solute Carrier Family 35 Member E3 Pseudogene","Pseudogene","",4,"GC01M221553",18.7450771331787,"https://www.genecards.org/cgi-bin/carddisp.pl?gene=LOC100132179"
"475","LOC100420667","Solute Carrier Family 19 Member 3 Pseudogene","Pseudogene","",4,"GC02M227647",18.7450771331787,"https://www.genecards.org/cgi-bin/carddisp.pl?gene=LOC100420667"
"476","LOC100422510","Solute Carrier Family 12 Member 3 Pseudogene","Pseudogene","",4,"GC14P020438",18.7450771331787,"https://www.genecards.org/cgi-bin/carddisp.pl?gene=LOC100422510"
"477","LOC102724738","Solute Carrier Family 25 Member 1 Pseudogene","Pseudogene","",4,"GC07M063346",18.7450771331787,"https://www.genecards.org/cgi-bin/carddisp.pl?gene=LOC102724738"
"478","ENSG00000225244","Pseudogene Similar To Part Of Solute Carrier Family 29 (Nucleoside Transporters), Member 4 SLC29A4","Pseudogene","",3,"GC07M071153",18.7450771331787,"https://www.genecards.org/cgi-bin/carddisp.pl?gene=ENSG00000225244"
"479","ENSG00000227236","Solute Carrier Family 39 (Zinc Transporter), Member 14 Pseudogene (SLC39A14)","Pseudogene","",3,"GC01P235615",18.7450771331787,"https://www.genecards.org/cgi-bin/carddisp.pl?gene=ENSG00000227236"
"480","ENSG00000249170","Solute Carrier Family 35, Member A4 (SLC35A4) Pseudogene","Pseudogene","",3,"GC04M071300",18.7450771331787,"https://www.genecards.org/cgi-bin/carddisp.pl?gene=ENSG00000249170"
"481","ENSG00000251489","Solute Carrier Family 25 (Mitochondrial Carrier  Graves Disease Autoantigen), Member 16 (SLC25A16) Pseudogene","Pseudogene","",3,"GC04P069888",18.7450771331787,"https://www.genecards.org/cgi-bin/carddisp.pl?gene=ENSG00000251489"
"482","ENSG00000259162","Solute Carrier Family 12 (Sodium/Chloride Transporters), Member 3 (SLC12A3) Pseudogene","Pseudogene","",3,"GC14P047740",18.7450771331787,"https://www.genecards.org/cgi-bin/carddisp.pl?gene=ENSG00000259162"
"483","ENSG00000273773","Solute Carrier Family 6 (Neurotransmitter Transporter), Member 8 (SLC6A8) Pseudogene","Pseudogene","",3,"GC0XP154620",18.7450771331787,"https://www.genecards.org/cgi-bin/carddisp.pl?gene=ENSG00000273773"
"484","ENSG00000283354","Solute Carrier Family 25 (Mitochondrial Carrier  Phosphate Carrier), Member 24 (SLC25A24) Pseudogene","Pseudogene","",3,"GC01M108495",18.7450771331787,"https://www.genecards.org/cgi-bin/carddisp.pl?gene=ENSG00000283354"
"485","ENSG00000288697","Solute Carrier Family 27 Member 6 (SLC27A6) Pseudogene","Pseudogene","",3,"GC05M128932",18.7450771331787,"https://www.genecards.org/cgi-bin/carddisp.pl?gene=ENSG00000288697"
"486","ENSG00000290985","Solute Carrier Family 6 Member 10, Pseudogene","RNA Gene","",3,"GC16M045279",18.7450771331787,"https://www.genecards.org/cgi-bin/carddisp.pl?gene=ENSG00000290985"
"487","LOC100422471","Solute Carrier Family 9 Member A2 Pseudogene","Pseudogene","",3,"GC0XP081408",18.7450771331787,"https://www.genecards.org/cgi-bin/carddisp.pl?gene=LOC100422471"
"488","ENSG00000198555","Solute Carrier Family 6 (Neurotransmitter Transporter, Creatine), Member 8 (SLC6A8) Pseudogene","Pseudogene","",2,"GC16P096924",18.7450771331787,"https://www.genecards.org/cgi-bin/carddisp.pl?gene=ENSG00000198555"
"489","ENSG00000224523","Pseudogene Similar To Part Of SLC9A2 (Solute Carrier Family 9 (Sodium\\/Hydrogen Exchanger), Isoform 2)","Pseudogene","",2,"GC0XP081409",18.7450771331787,"https://www.genecards.org/cgi-bin/carddisp.pl?gene=ENSG00000224523"
"490","ENSG00000226268","Solute Carrier Family 25, Member 33 (SLC25A33) Pseudogene","Pseudogene","",2,"GC11M128649",18.7450771331787,"https://www.genecards.org/cgi-bin/carddisp.pl?gene=ENSG00000226268"
"491","ENSG00000226401","Solute Carrier Family 29 (Nucleoside Transporters), Member 4 (SLC29A4) Pseudogene","Pseudogene","",2,"GC07P088022",18.7450771331787,"https://www.genecards.org/cgi-bin/carddisp.pl?gene=ENSG00000226401"
"492","ENSG00000227585","Solute Carrier Family 35, Member E3 (SLC35E3) Pseudogene","Pseudogene","",2,"GC01M221554",18.7450771331787,"https://www.genecards.org/cgi-bin/carddisp.pl?gene=ENSG00000227585"
"493","ENSG00000232261","Solute Carrier Family 5 (Sodium/Glucose Cotransporter) (SLC5A) Pseudogene","Pseudogene","",2,"GC01M171751",18.7450771331787,"https://www.genecards.org/cgi-bin/carddisp.pl?gene=ENSG00000232261"
"494","ENSG00000263682","Solute Carrier Family 41, Member 2 (SLC41A2) Pseudogene","Pseudogene","",2,"GC18P011326",18.7450771331787,"https://www.genecards.org/cgi-bin/carddisp.pl?gene=ENSG00000263682"
"495","ENSG00000274167","Solute Carrier Family 9, Subfamily B (NHA2, Cation Proton Antiporter 2), Member 2 (SLC9B2) Pseudogene","Pseudogene","",2,"GC10P042250",18.7450771331787,"https://www.genecards.org/cgi-bin/carddisp.pl?gene=ENSG00000274167"
"496","ENSG00000275609","Solute Carrier Family 5 (Sodium/Glucose Cotransporter), Member 1 (SLC5A1) Pseudogene","Pseudogene","",2,"GC22P023610",18.7450771331787,"https://www.genecards.org/cgi-bin/carddisp.pl?gene=ENSG00000275609"
"497","ENSG00000276960","Solute Carrier Family 22 (Organic Cation Transporter), Member 3 (SLC22A3) Pseudogene","Pseudogene","",2,"GC06M160755",18.7450771331787,"https://www.genecards.org/cgi-bin/carddisp.pl?gene=ENSG00000276960"
"498","ENSG00000283659","Novel  Solute Carrier Family 9, Subfamily B (NHA1, Cation Proton Antiporter 1), Member Pseudogene","Pseudogene","",2,"GC02P089667",18.7450771331787,"https://www.genecards.org/cgi-bin/carddisp.pl?gene=ENSG00000283659"
"499","ENSG00000285388","Solute Carrier Family Pseudogene","Pseudogene","",2,"GC11M128878",18.7450771331787,"https://www.genecards.org/cgi-bin/carddisp.pl?gene=ENSG00000285388"
"500","LOC100420693","Solute Carrier Family 47 Member 2 Pseudogene","Pseudogene","",2,"GC04M068076",18.7450771331787,"https://www.genecards.org/cgi-bin/carddisp.pl?gene=LOC100420693"
"501","LOC100422524","Solute Carrier Family 4 Member 8 Pseudogene","Pseudogene","",2,"GC10P021580",18.7450771331787,"https://www.genecards.org/cgi-bin/carddisp.pl?gene=LOC100422524"
"502","LOC100422610","Solute Carrier Family 7 Member 3 Pseudogene","Pseudogene","",2,"GC19M053606",18.7450771331787,"https://www.genecards.org/cgi-bin/carddisp.pl?gene=LOC100422610"
